comment_id,sentimiento,prob_neg,prob_neu,prob_pos
Ugw-J65a1iYL9hqhELh4AaABAg,NEG,0.807786762714386,0.14628508687019348,0.045928116887807846
Ugw-ZT9t9wU2V-tCaUZ4AaABAg,NEG,0.9650872945785522,0.029080338776111603,0.005832497496157885
Ugw0xaOb2CYXXoudtwJ4AaABAg,NEG,0.9713771343231201,0.025966867804527283,0.002656027674674988
Ugw0xgUc2ISpBr5_T654AaABAg,NEG,0.7018647789955139,0.2676486372947693,0.030486609786748886
Ugw1ZzA21njWhaqQQTh4AaABAg,NEG,0.8103276491165161,0.17043134570121765,0.019240986555814743
Ugw1ZzA21njWhaqQQTh4AaABAg.Aa9Tf29tBouAaB_XZQglTL,NEU,0.30897510051727295,0.539604127407074,0.15142077207565308
Ugw2014OIYf336oytFt4AaABAg,POS,0.021916216239333153,0.38881927728652954,0.5892645716667175
Ugw2bSVOoNn2pc8ZcUl4AaABAg,NEG,0.5835473537445068,0.37668582797050476,0.03976685181260109
Ugw3gnUvLp6AqO0_odt4AaABAg,NEU,0.15794506669044495,0.6771429181098938,0.16491208970546722
Ugw4C1ijI36l6LAiSZh4AaABAg,NEG,0.5815954208374023,0.2898416221141815,0.1285630315542221
Ugw4St_YnT9_Ya5xSPt4AaABAg,NEG,0.9142569899559021,0.08024968951940536,0.005493370816111565
Ugw4ccnmIWJaE6VNRWN4AaABAg,POS,0.024983588606119156,0.07526615262031555,0.8997502326965332
Ugw5E402-fn52PLXFIJ4AaABAg,NEG,0.7196908593177795,0.2552507817745209,0.025058414787054062
Ugw5URsiAF9QVoniY-l4AaABAg,NEG,0.8866134285926819,0.10643384605646133,0.006952647119760513
Ugw5xMAuDaygo77ynI94AaABAg,NEG,0.9809203147888184,0.015993129462003708,0.0030865054577589035
Ugw6cfXYfV4H-asKlDR4AaABAg,NEG,0.97502201795578,0.0214528888463974,0.00352507084608078
Ugw74asIfir0_SVC6OB4AaABAg,NEU,0.29836443066596985,0.6854534149169922,0.016182081773877144
Ugw86zOgTwKzYotlT9l4AaABAg,NEG,0.9045087695121765,0.08896268904209137,0.006528506521135569
Ugw8iZ_G2Cwq-9ZYctt4AaABAg,NEG,0.9448850154876709,0.04358520731329918,0.01152976043522358
Ugw8pyxscJNUQpfoKuF4AaABAg,NEG,0.7940720915794373,0.1953151673078537,0.010612702928483486
Ugw9_Qw_QaSdggWuKJt4AaABAg,NEU,0.12265916913747787,0.815261960029602,0.062078870832920074
Ugw9eye2GML6RHRSu-14AaABAg,NEG,0.9528023600578308,0.037278033792972565,0.009919611737132072
UgwA5aTmgACLCuTUT494AaABAg,POS,0.010685150511562824,0.13139811158180237,0.8579167723655701
UgwARHTnVAzzPrHbNox4AaABAg,POS,0.002945296000689268,0.02327592484652996,0.9737788438796997
UgwBIwUPLGxEWAu3Mh14AaABAg,NEG,0.8915751576423645,0.10505630075931549,0.003368533682078123
UgwCW5PErySUmwse3bZ4AaABAg,NEU,0.46558651328086853,0.47274231910705566,0.06167115643620491
UgwCfRlzeiXz172UQQV4AaABAg,POS,0.0028262652922421694,0.035511866211891174,0.9616618156433105
UgwCw9bhAw6suYQfCWx4AaABAg,POS,0.030621623620390892,0.20220719277858734,0.7671712040901184
UgwEOUk-ofXNqkHW5Cx4AaABAg,NEG,0.9598258137702942,0.03720342740416527,0.002970670582726598
UgwEQHx8Ik7SbxBTQ914AaABAg,NEU,0.35485905408859253,0.5239256024360657,0.12121540307998657
UgwEjfj5ueeimHg-Hbt4AaABAg,NEG,0.8794482350349426,0.10442879050970078,0.01612294279038906
UgwG3XiEgFlHKtrtTqd4AaABAg,NEG,0.9689444899559021,0.027760902419686317,0.0032945978455245495
UgwGm1V-_GN1ZPcijdl4AaABAg,NEG,0.9338314533233643,0.06275972723960876,0.0034088052343577147
UgwHY5LtTiQ0lBONp8N4AaABAg,NEG,0.9452114701271057,0.046043261885643005,0.008745287545025349
UgwIB06iEQnFOFLc9et4AaABAg,NEG,0.9623076319694519,0.03310941904783249,0.004582866095006466
UgwIB06iEQnFOFLc9et4AaABAg.Aa-0m2jDJt2Aa42DVzs9Zy,NEG,0.8334043622016907,0.13864003121852875,0.02795565128326416
UgwIBBqN6fh6MURkwkN4AaABAg,NEG,0.9712888598442078,0.022601746022701263,0.006109328009188175
UgwIiqrp6EYNoFmnBAR4AaABAg,NEG,0.9209766387939453,0.06255552172660828,0.016467774286866188
UgwIlv8gtF3WKYfHSJJ4AaABAg,NEU,0.25601351261138916,0.7021542191505432,0.04183221608400345
UgwJ4UehO5E4j0niJU14AaABAg,NEG,0.6899157762527466,0.28890296816825867,0.02118130959570408
UgwJMFYT7I9czw_oa0V4AaABAg,NEU,0.12742024660110474,0.7868337631225586,0.08574595302343369
UgwJN55EmMcKPRb_AfB4AaABAg,NEG,0.9748119711875916,0.021795855835080147,0.003392221871763468
UgwKjHT5lyjLiqR9ym94AaABAg,POS,0.10073661804199219,0.20323286950588226,0.6960305571556091
UgwL_UlN82zRUeNgVDh4AaABAg,NEU,0.3924492597579956,0.5653054118156433,0.04224526137113571
UgwMfCTNaiukOxMqfON4AaABAg,NEU,0.08136378228664398,0.756609320640564,0.16202688217163086
UgwNvErOoJ_qRYF6TB94AaABAg,NEG,0.8715704679489136,0.08935922384262085,0.03907034173607826
UgwO8kzHC551ofxNYCV4AaABAg,POS,0.0044542644172906876,0.025670373812317848,0.9698753356933594
UgwPCZZx2gI444cg2AV4AaABAg,NEG,0.9737553000450134,0.021440234035253525,0.004804516676813364
UgwRLgDGrh-_TEVNOYh4AaABAg,NEU,0.2297697514295578,0.7296850681304932,0.04054515063762665
UgwSDn5aIUEZwOlx9c94AaABAg,POS,0.03313419595360756,0.41005823016166687,0.5568075776100159
UgwSt406Q1HWBWCewI14AaABAg,NEU,0.10884156823158264,0.6455961465835571,0.24556222558021545
UgwSt406Q1HWBWCewI14AaABAg.Aa-KmSVE5UgAa-M7iXQwik,NEU,0.18084394931793213,0.5539582371711731,0.2651977837085724
UgwTyYcT2aNvGA5DK4J4AaABAg,POS,0.014366346411406994,0.20404860377311707,0.7815849781036377
UgwUZL4XYbr2lbEi1r94AaABAg,NEU,0.1502353698015213,0.7764543890953064,0.0733102411031723
UgwXm2HjtCzRKiDHflJ4AaABAg,NEG,0.729413628578186,0.25412696599960327,0.01645948737859726
UgwY0wdDJRzHsTCnLbN4AaABAg,NEG,0.9721691012382507,0.020458746701478958,0.007372112479060888
UgwY2FW-3sBGV2CGxaJ4AaABAg,POS,0.00427113426849246,0.03040638193488121,0.9653224945068359
UgwYTL5-XYvmQxsC3Bt4AaABAg,NEG,0.9705525636672974,0.025769265368580818,0.0036781253293156624
UgwYaHf9EYIl5Pf-y514AaABAg,NEG,0.9535378217697144,0.03769418224692345,0.00876798015087843
UgwZw9X6DpxCIJ6YkXZ4AaABAg,NEG,0.9177561402320862,0.07355967909097672,0.008684157393872738
Ugw_g00Bv3m-cnSxhMp4AaABAg,NEG,0.9829134345054626,0.01435199473053217,0.002734527224674821
Ugw_wfk-1nUcdyG3muZ4AaABAg,POS,0.0074361469596624374,0.05396563559770584,0.9385982155799866
UgwaGYcI3FekgL1PZct4AaABAg,NEG,0.9759317636489868,0.021060744300484657,0.0030074589885771275
UgwaokeDKlLgSdqHpW94AaABAg,NEU,0.45867326855659485,0.5135296583175659,0.027797091752290726
Ugwbnz3tRoBa7Vs3A3d4AaABAg,NEG,0.901703417301178,0.08987460285425186,0.00842195376753807
Ugwc0TMrFYylioxh_Sh4AaABAg,POS,0.06470118463039398,0.3607542812824249,0.5745444893836975
UgwcF8V3__81jxC8Eh14AaABAg,NEG,0.9374303817749023,0.054537445306777954,0.008032172918319702
UgwdC_aDdYB1wpgGNAt4AaABAg,POS,0.009669993072748184,0.10863867402076721,0.8816913366317749
Ugwe0V0ssRP-r167Lzh4AaABAg,NEG,0.8222560882568359,0.1632983684539795,0.014445618726313114
UgwgSP2G2qKwGGl5CSp4AaABAg,NEU,0.14069950580596924,0.4675390422344208,0.39176151156425476
UgwgoKatyznihVvDVVd4AaABAg,NEG,0.9539276361465454,0.03446788713335991,0.011604487895965576
UgwguqWom06c5opgpiF4AaABAg,NEG,0.8495967984199524,0.11953151971101761,0.030871747061610222
UgwhphOY9n46ofElDut4AaABAg,NEG,0.9688194990158081,0.02714431658387184,0.004036258440464735
UgwiGxmosawIyTVTjnB4AaABAg,NEG,0.8959919214248657,0.09057554602622986,0.013432458974421024
Ugwih8O9PeaJ_zd7FWV4AaABAg,NEG,0.9758647084236145,0.020543532446026802,0.0035916969645768404
Ugwije36G_n35mshRfp4AaABAg,NEU,0.1488303691148758,0.5659883618354797,0.2851812541484833
UgwjKxflp7TiD0e7_494AaABAg,NEG,0.9009563326835632,0.08502564579248428,0.014018027111887932
Ugwjtq_DUb6ISU-ppsh4AaABAg,POS,0.021481947973370552,0.4021507501602173,0.5763673186302185
UgwkiP4fW1xfpXbZcV14AaABAg,NEG,0.963775098323822,0.03157335892319679,0.004651506431400776
Ugwm9VajlW3ydbsf-BJ4AaABAg,POS,0.02871803566813469,0.12790046632289886,0.8433814644813538
UgwmvtMMEFg5rWbrmtV4AaABAg,NEG,0.9108222126960754,0.08207512646913528,0.007102631963789463
UgwnCwptihjhFCfQK_l4AaABAg,NEU,0.1407715380191803,0.7334155440330505,0.12581288814544678
UgwopmNYOXxE5kyT7fF4AaABAg,NEG,0.8228858113288879,0.16084155440330505,0.01627272367477417
UgwovhZaCiV0r6XOH_R4AaABAg,NEU,0.20341508090496063,0.47786208987236023,0.31872284412384033
UgwoyDvqZ6NlBCvXB7t4AaABAg,NEG,0.96089106798172,0.034625884145498276,0.004483034834265709
Ugwp1SacIqA0qS_netd4AaABAg,NEG,0.7505590319633484,0.22923901677131653,0.020202014595270157
UgwpY9PE_PBfwa2_g_N4AaABAg,NEG,0.9817752838134766,0.015528823249042034,0.002695899223908782
Ugwqsca_nj4eGguiyTJ4AaABAg,NEG,0.9800505042076111,0.0149307856336236,0.005018671043217182
UgwrIvqGid-S983oU9J4AaABAg,NEG,0.9381494522094727,0.048093922436237335,0.013756578788161278
UgwsCWap2Jq1pNrLOWl4AaABAg,POS,0.02150995098054409,0.06225551664829254,0.9162344932556152
UgwtcR5U0FAkeZsiVVt4AaABAg,NEG,0.8489302396774292,0.1290113627910614,0.022058414295315742
Ugwvm2HYh08HI1HkcXV4AaABAg,POS,0.007008679676800966,0.03900514170527458,0.9539861083030701
UgwvvK1L0aLOhCMUzfN4AaABAg,NEG,0.9671024680137634,0.028192680329084396,0.004704922903329134
UgwwH4OIcVCCN6SbBX14AaABAg,NEG,0.9619882702827454,0.03079027310013771,0.007221468724310398
UgwwKfLmhHVU-Oxzqtl4AaABAg,NEG,0.8561893701553345,0.13144183158874512,0.012368696741759777
UgwwPrhCy2levkb6TRd4AaABAg,NEG,0.9671952128410339,0.03051943890750408,0.0022853445261716843
UgwxjmtBoAozs0ZUAcd4AaABAg,NEG,0.9079324007034302,0.0777178630232811,0.014349768869578838
UgwxjmtBoAozs0ZUAcd4AaABAg.AaAbqoGVGipAaAjNG9oPRN,NEU,0.21427437663078308,0.5860719084739685,0.19965367019176483
UgwypjUeZBU45DrrW0d4AaABAg,NEG,0.9675392508506775,0.029423611238598824,0.0030371255706995726
Ugwz_6qtdDTbTWEUQQ94AaABAg,NEG,0.9856871962547302,0.010808602906763554,0.0035041270311921835
Ugx-G2kCu5aSwh3IR5l4AaABAg,NEG,0.9523075819015503,0.04480745643377304,0.0028849574737250805
Ugx-cQ3Wf3whk_hssDR4AaABAg,NEG,0.9158505797386169,0.07603967934846878,0.008109696209430695
Ugx-hH6Ysw9sdv3kHPN4AaABAg,NEG,0.8668217062950134,0.09817108511924744,0.03500721976161003
Ugx1reCoIQcnK3ii2GR4AaABAg,NEG,0.9651615619659424,0.030320249497890472,0.004518188536167145
Ugx2ApaAMqe4ca4SCYx4AaABAg,NEU,0.1492774933576584,0.7252496480941772,0.12547282874584198
Ugx2LwWBVc3mFGJAinB4AaABAg,NEU,0.025249142199754715,0.555447518825531,0.41930335760116577
Ugx2byJzZBZkDMQMUqV4AaABAg,NEG,0.9095709323883057,0.07092232257127762,0.019506707787513733
Ugx3uDgmZQhx3Z3VOzt4AaABAg,NEU,0.12774047255516052,0.7593331336975098,0.11292637139558792
Ugx3yIUZXGeiOVESIEl4AaABAg,NEU,0.3575282394886017,0.610590398311615,0.031881384551525116
Ugx4dn4xlUl9Jp9QJeJ4AaABAg,POS,0.011543240398168564,0.4162537753582001,0.5722029805183411
Ugx6Wjc02tqpQUBf4NJ4AaABAg,NEG,0.9372140169143677,0.05192579701542854,0.01086021400988102
Ugx74OPnWkWaFjpFuA94AaABAg,NEG,0.6596592664718628,0.3277985751628876,0.01254210900515318
Ugx74OPnWkWaFjpFuA94AaABAg.A7ki-1ED5b2A7nIcG2_svP,NEU,0.2423507124185562,0.4796285331249237,0.2780207395553589
Ugx7Gvgflw7nQKqoR094AaABAg,POS,0.005754456855356693,0.06226218119263649,0.9319833517074585
Ugx7ezRwB-DpY3VQt754AaABAg,NEU,0.43467435240745544,0.5273992419242859,0.03792642056941986
Ugx7j6oWhgfonHPJCdR4AaABAg,NEG,0.8767416477203369,0.1097024455666542,0.013555929064750671
Ugx8FxDKPAY-M_JhRgd4AaABAg,NEG,0.805343508720398,0.18066327273845673,0.013993216678500175
Ugx8vuWdqsWZslsS9R14AaABAg,NEU,0.1732599288225174,0.4971191883087158,0.32962092757225037
Ugx90cmhNaRBNDou1BR4AaABAg,NEG,0.5452280044555664,0.41383305191993713,0.04093895107507706
Ugx90cmhNaRBNDou1BR4AaABAg.AaA5Ej9IqgQAaBaWPRQg7K,NEG,0.9383435249328613,0.04291046783328056,0.0187460295855999
Ugx90cmhNaRBNDou1BR4AaABAg.AaA5Ej9IqgQAaCnVqXU5cy,NEU,0.3543148934841156,0.47288593649864197,0.17279912531375885
Ugx90cmhNaRBNDou1BR4AaABAg.AaA5Ej9IqgQAaCz3GqqPAJ,NEU,0.0366988331079483,0.6458730101585388,0.3174281716346741
UgxCKgaQSm13r2z9hFd4AaABAg,NEG,0.9671465158462524,0.030712775886058807,0.002140745520591736
UgxCT5F3jO763e2aO-t4AaABAg,NEG,0.4778704047203064,0.4705600142478943,0.05156954750418663
UgxCjFHfuFk1jUGvoIB4AaABAg,POS,0.00433756411075592,0.05014001205563545,0.9455224275588989
UgxD16VX3BhREOtsuhJ4AaABAg,NEG,0.9496656060218811,0.043598681688308716,0.0067357555963099
UgxDBhcq11EK83DqrSZ4AaABAg,POS,0.013792203739285469,0.1841685026884079,0.8020393252372742
UgxDFo35bUo0APtZcd94AaABAg,NEG,0.803084671497345,0.17560845613479614,0.021306946873664856
UgxEE17R1iQyuDZebVF4AaABAg,NEU,0.12275134027004242,0.8171632885932922,0.06008526310324669
UgxEE17R1iQyuDZebVF4AaABAg.A_UFk_pMAbMA_VZ_0Vdu89,NEU,0.19586564600467682,0.7157944440841675,0.08833982795476913
UgxE_8DGgJmaHaV_WLJ4AaABAg,NEG,0.8431577682495117,0.146713525056839,0.010128705762326717
UgxEsAK7q3l34wFdZ414AaABAg,NEG,0.9653481245040894,0.029614482074975967,0.005037331022322178
UgxEsAK7q3l34wFdZ414AaABAg.A_zCnf5bSajA_zKDdWQaaO,NEG,0.9545396566390991,0.03947937488555908,0.005980994552373886
UgxEsAK7q3l34wFdZ414AaABAg.A_zCnf5bSajA_zMcZPgoSk,NEU,0.03423594310879707,0.5122796297073364,0.4534844160079956
UgxEsAK7q3l34wFdZ414AaABAg.A_zCnf5bSajA_zX0eQk5DZ,NEG,0.9607275724411011,0.02597162500023842,0.013300800696015358
UgxEsAK7q3l34wFdZ414AaABAg.A_zCnf5bSajA_zXHoAX3hj,NEG,0.9771748185157776,0.01863350160419941,0.0041916645132005215
UgxEsAK7q3l34wFdZ414AaABAg.A_zCnf5bSajA_zXUuRIq0q,NEG,0.7638130187988281,0.19799454510211945,0.03819246217608452
UgxEsAK7q3l34wFdZ414AaABAg.A_zCnf5bSajA_znUL05zze,NEG,0.9121987223625183,0.07742533087730408,0.010375884361565113
UgxEsAK7q3l34wFdZ414AaABAg.A_zCnf5bSajAa0q77b9a3F,NEG,0.8130667209625244,0.17336776852607727,0.013565483503043652
UgxEsAK7q3l34wFdZ414AaABAg.A_zCnf5bSajAa0qEPC8tJc,NEU,0.07826486229896545,0.7996494770050049,0.12208569049835205
UgxEsAK7q3l34wFdZ414AaABAg.A_zCnf5bSajAa41uU3Anhg,NEG,0.9607798457145691,0.033249638974666595,0.00597053486853838
UgxFOJmnMHqi2dpDaZd4AaABAg,NEG,0.8848000764846802,0.10364186763763428,0.01155811920762062
UgxFzCyhju6zPSl4zwZ4AaABAg,POS,0.027046555653214455,0.30755144357681274,0.6654019951820374
UgxHqBlwo8Dpvv-2P5d4AaABAg,NEU,0.08842366188764572,0.8619049787521362,0.049671415239572525
UgxJQfg5iHA6vRWS0El4AaABAg,NEG,0.924941897392273,0.06159154698252678,0.0134666059166193
UgxK5IJwWigmJ56Xp7p4AaABAg,POS,0.031160907819867134,0.22988975048065186,0.7389492988586426
UgxKfM_nJMsGTkKkM8V4AaABAg,NEG,0.9731692671775818,0.02123902551829815,0.005591697990894318
UgxLNf6Xy3xngPFLs594AaABAg,NEG,0.8505210876464844,0.14336693286895752,0.006112024188041687
UgxLSZD8ZrNFmd10RKR4AaABAg,NEG,0.9717497229576111,0.023254575207829475,0.004995707422494888
UgxNSGVebHMGSFI8zX94AaABAg,NEG,0.8930358290672302,0.08866074681282043,0.01830349490046501
UgxNgFkGSE6nct4PF3V4AaABAg,NEU,0.12626884877681732,0.7461709380149841,0.12756028771400452
UgxOO0LIkZP1WvhR1U54AaABAg,POS,0.005033509805798531,0.04359239339828491,0.9513741135597229
UgxPHo503SIH-EmlR-t4AaABAg,POS,0.03246067091822624,0.17034536600112915,0.7971940040588379
UgxPRaGm9MdlK4U6VPt4AaABAg,NEG,0.6716195940971375,0.28425896167755127,0.044121455401182175
UgxQC-ejR063rkAb1VB4AaABAg,NEG,0.9801211357116699,0.017045876011252403,0.0028330048080533743
UgxR0AXNH_3DGn-T1494AaABAg,NEG,0.7736864686012268,0.2135539948940277,0.012759546749293804
UgxR1eqvFSEtPNShD8x4AaABAg,POS,0.0221293643116951,0.21195079386234283,0.7659198045730591
UgxS0pN-vg0fjeNSLeJ4AaABAg,NEG,0.9709585309028625,0.024794837459921837,0.004246603697538376
UgxTjz0jSJkZW5dGnSp4AaABAg,NEG,0.9631775617599487,0.031086623668670654,0.005735842045396566
UgxVUS-jkZU2DAjmNjR4AaABAg,NEG,0.9683577418327332,0.02758180722594261,0.004060451406985521
UgxW0ZnTohConSPgOpp4AaABAg,POS,0.007246185559779406,0.04819600284099579,0.944557785987854
UgxWzoHDeFfVC7jrjzF4AaABAg,POS,0.004176657646894455,0.04440734162926674,0.9514159560203552
UgxWzoHDeFfVC7jrjzF4AaABAg.Aa9DdH5avRRAaB_gLYRAuw,NEG,0.6682208776473999,0.26745784282684326,0.06432127952575684
UgxXGkvxY-TdtPROWcV4AaABAg,NEG,0.9457166790962219,0.0432528555393219,0.011030550114810467
UgxXy9CurqMBEjFnVwF4AaABAg,POS,0.002739599207416177,0.03689619153738022,0.9603641629219055
UgxZFzh6jzOX7Avhk1h4AaABAg,NEU,0.3446088135242462,0.5728293657302856,0.08256185799837112
Ugx_gjcVH5SlIKBNTGh4AaABAg,POS,0.004576228093355894,0.07086186856031418,0.9245619773864746
Ugxb-sknzjBr3wecCw94AaABAg,NEG,0.926661491394043,0.0650385245680809,0.008299888111650944
Ugxb1xcC9SSJ_5vSArF4AaABAg,NEU,0.36299997568130493,0.4982492923736572,0.13875067234039307
Ugxbz7-04jLwadBMK_p4AaABAg,NEG,0.9538968205451965,0.037263479083776474,0.008839573711156845
UgxcBa2IQb3I0JZcFax4AaABAg,NEU,0.45334088802337646,0.498494416475296,0.048164743930101395
UgxcGV8-rD83ACvM0954AaABAg,NEG,0.8563533425331116,0.13407158851623535,0.009575110860168934
UgxctiUZJriWwsE0a6J4AaABAg,NEG,0.9674015641212463,0.026807652786374092,0.005790722090750933
Ugxd8fn-MEnc3SKPtid4AaABAg,NEG,0.6604190468788147,0.2815788984298706,0.0580020397901535
UgxdfjiT5_VBaeADj7h4AaABAg,NEU,0.07937859743833542,0.5336158871650696,0.3870055675506592
Ugxe0MXeW4ziwUMTfF54AaABAg,NEU,0.06981782615184784,0.7917838096618652,0.13839837908744812
UgxeJQgzDc124jVv7Fx4AaABAg,POS,0.013987347483634949,0.24481141567230225,0.7412012219429016
Ugxf6gnAtXKqV1Q_zRd4AaABAg,NEU,0.07347353547811508,0.5532758235931396,0.3732506334781647
UgxfUxJfY_pjvu9318Z4AaABAg,NEG,0.97584468126297,0.018890054896473885,0.005265160463750362
UgxfnbtuhVQuDILnXj14AaABAg,NEU,0.1707969307899475,0.704856276512146,0.12434680014848709
Ugxgxziq7k4s9WwmauB4AaABAg,NEG,0.9381409883499146,0.054929766803979874,0.006929309107363224
UgxiEgXuexKPtHEwAQJ4AaABAg,NEG,0.9598485827445984,0.035226818174123764,0.004924611654132605
UgxiEgXuexKPtHEwAQJ4AaABAg.Aa9HLCNywwKAa9OgyseDes,NEG,0.9323515892028809,0.062344472855329514,0.0053039249032735825
UgxiEgXuexKPtHEwAQJ4AaABAg.Aa9HLCNywwKAa9ZeEQh7n7,NEG,0.8376859426498413,0.1414828896522522,0.020831197500228882
Ugxj76_NAyOnh_vsgMV4AaABAg,POS,0.0024241351056843996,0.023534100502729416,0.9740417003631592
UgxkcFai5KbeHyhGbnF4AaABAg,POS,0.12240280956029892,0.30644387006759644,0.5711533427238464
Ugxl5bLZ1llR9fV0V0l4AaABAg,NEG,0.8663551211357117,0.10455959290266037,0.02908538281917572
UgxoLjEjkngSVGZvO1N4AaABAg,NEU,0.17449264228343964,0.5716180205345154,0.253889262676239
Ugxoc10_rBva4f6IW2N4AaABAg,NEU,0.238459512591362,0.6776947379112244,0.08384569734334946
UgxovP0Yh3_qrKdrKrp4AaABAg,NEG,0.9032518863677979,0.09063892066478729,0.006109161302447319
UgxpFKbiejsVGSNIcTh4AaABAg,NEG,0.9473000168800354,0.04611683264374733,0.006583106704056263
UgxqEChOyWebtVaqy-V4AaABAg,NEU,0.20199035108089447,0.5743103623390198,0.22369934618473053
UgxqSfWMWvqMX8tiC5x4AaABAg,NEG,0.5992347598075867,0.3796982765197754,0.021067002788186073
UgxrZBO3MtEqcgXAIEN4AaABAg,POS,0.002790501108393073,0.02115340530872345,0.9760560989379883
UgxswojCyw1a0RuHVEp4AaABAg,NEU,0.14586105942726135,0.7918103337287903,0.062328651547431946
UgxuO_1lX_-jTQfAzZx4AaABAg,POS,0.013281834311783314,0.1331905722618103,0.8535275459289551
UgxudaO35O8XcM9Wu4t4AaABAg,NEG,0.9613690376281738,0.03238825127482414,0.006242659874260426
UgxvgdNqovIhqUZDxUx4AaABAg,NEG,0.6938776969909668,0.2958773374557495,0.010244973935186863
UgxvmbFNm6tYRX6yfLN4AaABAg,NEG,0.9272072315216064,0.06218574941158295,0.010606907308101654
Ugxvt0tvqY4UlDS2hoh4AaABAg,NEG,0.8233815431594849,0.1577400267124176,0.01887836679816246
UgxvxNmPMdRuRDptJQN4AaABAg,NEG,0.8530575633049011,0.1331997960805893,0.013742640614509583
Ugxw_1trnd8loD3302V4AaABAg,NEG,0.7945011854171753,0.19566397368907928,0.009834839962422848
UgxxNu7QTJHuAgFaEYN4AaABAg,NEG,0.9751594066619873,0.021762393414974213,0.003078108886256814
UgxxdDS3FUc53KWN3KF4AaABAg,NEG,0.8377261161804199,0.1557207852602005,0.006553151179105043
Ugxy4k7pO6jFtwyDyFp4AaABAg,NEG,0.8759095668792725,0.11474789679050446,0.009342486038804054
Ugxz9vnSvQJNt4YNbYV4AaABAg,NEG,0.976106584072113,0.020877014845609665,0.003016381524503231
UgxzETIqBajjXFTGd_R4AaABAg,NEG,0.9825757741928101,0.015115026384592056,0.002309266710653901
UgxzN9_I9vkDCdX_8dN4AaABAg,NEG,0.8534358739852905,0.12650172412395477,0.020062439143657684
Ugy0LbKWrqUFhWPRoKN4AaABAg,NEG,0.9247673153877258,0.06557248532772064,0.009660209529101849
Ugy0LbKWrqUFhWPRoKN4AaABAg.A7epXgDRFjZA7f-Z-rKQOV,NEG,0.9517723917961121,0.037871960550546646,0.010355578735470772
Ugy0dVAcWghuyCdAVS54AaABAg,NEG,0.965833842754364,0.028111569583415985,0.006054544821381569
Ugy1neHHTJYO0umhgLt4AaABAg,POS,0.014882487244904041,0.42943817377090454,0.5556793808937073
Ugy2FaeBadbmVJj7F714AaABAg,NEG,0.9317326545715332,0.06445416808128357,0.0038131640758365393
Ugy4JA9MR8l_gkTNgWh4AaABAg,NEG,0.9646670818328857,0.026580290868878365,0.008752655237913132
Ugy4ex02KEXL5UFGjw14AaABAg,NEG,0.8977094292640686,0.08274867385625839,0.019541803747415543
Ugy4utoHlyokVSeSi5h4AaABAg,NEG,0.9150927066802979,0.07698557525873184,0.007921679876744747
Ugy4x4u9e1_xRoppaMF4AaABAg,NEU,0.06832996755838394,0.7657960057258606,0.16587398946285248
Ugy5j8gzaawBk-mw5et4AaABAg,NEG,0.9146071076393127,0.07992392033338547,0.005468966905027628
Ugy5lmf3RzzeJDUeqQd4AaABAg,NEG,0.9826512932777405,0.014333314262330532,0.0030154141131788492
Ugy6Qii72nfxIpYyuCR4AaABAg,NEU,0.09180057048797607,0.7034698724746704,0.2047295719385147
Ugy6isIL3n6cvYbJG-94AaABAg,POS,0.08434590697288513,0.3613896071910858,0.554264485836029
Ugy6y6DL1AgyNzNpfMZ4AaABAg,NEG,0.9736632108688354,0.02321370504796505,0.003123120404779911
Ugy7-QbaMzLjAO_vJMB4AaABAg,NEG,0.9745690822601318,0.02157585509121418,0.003855122020468116
Ugy7Dk5SDB_d3RFlHU94AaABAg,NEG,0.9338306188583374,0.06337951868772507,0.0027898047119379044
Ugy7b0JTkHodE4sTU_54AaABAg,NEG,0.924113392829895,0.06447234749794006,0.011414176784455776
Ugy8csktFvR0eUZN4cp4AaABAg,NEG,0.7773975729942322,0.20052126049995422,0.022081177681684494
UgyAcWsNSqIPesdI3nF4AaABAg,NEG,0.9464523792266846,0.04667448624968529,0.006873148027807474
UgyB52GZe4-PXJ2TqYB4AaABAg,NEG,0.6127405166625977,0.3129906952381134,0.07426874339580536
UgyBhR2qUXgMe2NJjRN4AaABAg,NEG,0.9751647710800171,0.019333621487021446,0.0055016158148646355
UgyC45vItnUiq1QrUtd4AaABAg,NEG,0.8986079096794128,0.08764302730560303,0.013749007135629654
UgyC45vItnUiq1QrUtd4AaABAg.ALgn-KZ7p47ALgvLAMzZ1A,NEG,0.6204462051391602,0.2875164747238159,0.09203729033470154
UgyC45vItnUiq1QrUtd4AaABAg.ALgn-KZ7p47ALgwtbYMM1u,NEG,0.9011881351470947,0.09233801811933517,0.006473864894360304
UgyC45vItnUiq1QrUtd4AaABAg.ALgn-KZ7p47ALgx6SmnMen,NEG,0.58002108335495,0.3918289840221405,0.028149908408522606
UgyC9HUMcvW-e_nFJK14AaABAg,NEU,0.29059386253356934,0.5893130898475647,0.12009301036596298
UgyCFEFtEmhDbi91yCF4AaABAg,NEU,0.37136131525039673,0.5877434015274048,0.0408952496945858
UgyCoulSuwV8jBnjbtN4AaABAg,NEG,0.9495489597320557,0.04036935791373253,0.010081757791340351
UgyD5CIXnbXNiM-a4VF4AaABAg,NEG,0.5897331237792969,0.2513431906700134,0.15892362594604492
UgyE6hk1g9jR7zB67lV4AaABAg,NEU,0.11280634999275208,0.6153469681739807,0.2718467116355896
UgyEM7_iOGkWV0SbNuB4AaABAg,NEG,0.9573125243186951,0.03897642716765404,0.0037110804114490747
UgyFSrjeDvPsB0fKUdp4AaABAg,POS,0.027172457426786423,0.16109275817871094,0.8117347955703735
UgyHHYcKhbzXr6xEjth4AaABAg,NEU,0.15503692626953125,0.4777681827545166,0.36719492077827454
UgyHIuxG8A2lYDRB6vh4AaABAg,NEG,0.9232841730117798,0.06304491311311722,0.013670914806425571
UgyHIuxG8A2lYDRB6vh4AaABAg.A_zEyCTHfWFA_zWovudn2B,NEG,0.9270396828651428,0.06429240852594376,0.008667861111462116
UgyHcSyWHx2SKCg6db14AaABAg,NEG,0.9720025062561035,0.02392052859067917,0.004076937213540077
UgyIX1zx3bbc9DsK8VR4AaABAg,NEG,0.9789384603500366,0.017893489450216293,0.0031680178362876177
UgyIfQ-oDt0uVFZIq9d4AaABAg,NEG,0.8736498951911926,0.1047729104757309,0.021577248349785805
UgyIteBIiYe7DjUN3554AaABAg,NEU,0.20341508090496063,0.47786208987236023,0.31872284412384033
UgyJ7QRY-X3DsJC-t-p4AaABAg,POS,0.04641065374016762,0.43664979934692383,0.5169395208358765
UgyJnStLEHxVNbAfd0p4AaABAg,NEG,0.4518207609653473,0.4445933401584625,0.10358591377735138
UgyMRj1sNq6Xkrqepst4AaABAg,NEG,0.9760298728942871,0.01968298852443695,0.004287143237888813
UgyN-BmjI1Qyr5moi-x4AaABAg,NEG,0.7800400257110596,0.1894480139017105,0.030511997640132904
UgyNuIQ1W1M3g8ut6314AaABAg,NEG,0.9747358560562134,0.019475115463137627,0.005789049901068211
UgyOyo4VyMiMOhqOkGd4AaABAg,NEG,0.8110068440437317,0.17836925387382507,0.010623915120959282
UgyPm-2rnRLPav43Bt14AaABAg,POS,0.005116691812872887,0.03140313923358917,0.9634802341461182
UgyQQbXS_Q_JYcSefap4AaABAg,NEU,0.4231609106063843,0.5370840430259705,0.03975500538945198
UgyQxncw9dtHgZFgp014AaABAg,POS,0.002790755359455943,0.022867660969495773,0.974341630935669
UgyRmKHMG-ygpot6nY14AaABAg,NEG,0.6793686151504517,0.23426489531993866,0.08636645972728729
UgyS31-ujtXB5VmjBRV4AaABAg,NEG,0.8485836386680603,0.12252920866012573,0.028887148946523666
UgySlQlmZmrLAq5JsLx4AaABAg,NEG,0.6556767821311951,0.280200332403183,0.06412284821271896
UgySlQlmZmrLAq5JsLx4AaABAg.ALh5XYlqNufALhOuUP3UYB,NEG,0.9636765718460083,0.02795303799211979,0.00837030727416277
UgySttznhywvGXZyF-N4AaABAg,POS,0.005462084896862507,0.03432689607143402,0.9602110385894775
UgyVLVHQ4zNBKTTDxtp4AaABAg,NEG,0.9356069564819336,0.05952362343668938,0.004869391676038504
UgyWzgDknElvfn9oFJZ4AaABAg,NEG,0.7635283470153809,0.20539379119873047,0.03107788786292076
UgyX06qZFc3cNK6223J4AaABAg,NEG,0.9690243005752563,0.02654961869120598,0.004426002036780119
UgyXTA5oFwzI70TKCUd4AaABAg,NEG,0.8698673248291016,0.12069332599639893,0.009439349174499512
UgyYPJkzW5rbOUI_vcd4AaABAg,POS,0.008101851679384708,0.06980478018522263,0.922093391418457
UgyYRHeJlfB9VF69LSp4AaABAg,POS,0.0027416071388870478,0.02376164123415947,0.9734967947006226
UgyYaWYhDStGYWDGkb94AaABAg,NEU,0.4064672291278839,0.5647931694984436,0.028739597648382187
UgyYh5BUgByoCy2qNBR4AaABAg,NEG,0.9343360066413879,0.06151619926095009,0.004147735890001059
UgyZ2zEvW_CClk8k15F4AaABAg,POS,0.015963342040777206,0.08685185760259628,0.8971847891807556
Ugy_6i8lJAd2eVIRNjx4AaABAg,POS,0.011400680989027023,0.0721491202712059,0.9164502024650574
Ugy__nsWCBggw9EzOUd4AaABAg,NEG,0.8966668248176575,0.09545508027076721,0.007878129370510578
Ugy__nsWCBggw9EzOUd4AaABAg.A7lbRpGUZoHA7nJxaD37u-,NEU,0.2423507124185562,0.4796285331249237,0.2780207395553589
Ugy_ejYOfCK6ERWL_dt4AaABAg,NEG,0.9492124319076538,0.04863196238875389,0.0021555733401328325
Ugy_hCCLd8GwWbnIbsd4AaABAg,NEU,0.09519913047552109,0.48564407229423523,0.4191567897796631
Ugyav8Au2cT8yVfYgp54AaABAg,NEG,0.5536413788795471,0.43119576573371887,0.015162840485572815
Ugyb2uIeZGcNljNqap94AaABAg,NEG,0.9818130731582642,0.013551648706197739,0.004635313060134649
UgycKHbiLBi0WcSs8sh4AaABAg,NEG,0.9014133214950562,0.08689159899950027,0.011695095337927341
UgyciTatiqHr2BpFTqJ4AaABAg,NEU,0.02524409256875515,0.5814414024353027,0.39331451058387756
UgydkbyzemdvsBJrYxt4AaABAg,NEG,0.8079641461372375,0.18304619193077087,0.008989621885120869
UgyeTw07aydjDqK4crN4AaABAg,POS,0.007245315238833427,0.11900820583105087,0.8737464547157288
Ugyeb8_nptWKXnFXH8F4AaABAg,NEG,0.8387603759765625,0.14967653155326843,0.01156308688223362
Ugyejets0FNr0Zh-VuZ4AaABAg,NEG,0.9859070777893066,0.011914774775505066,0.0021781325340270996
UgyfMf4MkQsDKavjbLV4AaABAg,NEG,0.9383216500282288,0.048771701753139496,0.012906543910503387
UgyhYgz2ilvm1-T5IW94AaABAg,NEG,0.9817517399787903,0.015734579414129257,0.0025136545300483704
UgyiGiWPuiTR2hkzmVd4AaABAg,NEG,0.9015112519264221,0.0880730003118515,0.010415730066597462
UgyiegHTZAVz8J4Ogvt4AaABAg,POS,0.005995112005621195,0.03189002349972725,0.9621148109436035
UgyihMW-pXKI2cEDqWx4AaABAg,NEG,0.9338787794113159,0.05554402247071266,0.010577126406133175
UgyisqlInC7oBNbU95Z4AaABAg,NEU,0.05695091560482979,0.7149750590324402,0.22807399928569794
Ugyk3PqfIuDEuXyeb494AaABAg,NEG,0.8753825426101685,0.10846753418445587,0.016149867326021194
UgykKTDDGdoiNQIuYJd4AaABAg,NEG,0.8528889417648315,0.11906158924102783,0.02804945781826973
UgymHCpILRINq5oT_7B4AaABAg,POS,0.047047775238752365,0.34528255462646484,0.6076696515083313
UgymHZwhYtsW9EYkxdl4AaABAg,NEU,0.3904002010822296,0.5623553991317749,0.047244396060705185
Ugynh0Cq17X889qHS0J4AaABAg,NEG,0.8701311349868774,0.11069533973932266,0.01917353831231594
UgyoRKhs1yP8oKoD3uh4AaABAg,NEG,0.626069188117981,0.31582194566726685,0.05810875445604324
UgyoglGwyV2PhIAvHdt4AaABAg,NEU,0.11425751447677612,0.4531781077384949,0.43256431818008423
UgyqA5EpXnBPn_uH-KB4AaABAg,NEG,0.9263226985931396,0.06603561341762543,0.0076417215168476105
Ugyr_-OfFbHlc9uWhg94AaABAg,NEG,0.8843995928764343,0.09828231483697891,0.01731816679239273
UgysnIFZt6-_f2iGbid4AaABAg,POS,0.08902058005332947,0.4117964506149292,0.49918296933174133
UgysqnYM0p-_jyWisMJ4AaABAg,NEU,0.08986472338438034,0.7469236254692078,0.16321168839931488
UgysslM7dkNnQ1JT7Mh4AaABAg,POS,0.009273557923734188,0.08290081471204758,0.9078255891799927
UgyuZ00FMdgmao7sNMx4AaABAg,NEG,0.9742350578308105,0.02180137112736702,0.0039635319262743
Ugyuk_4Gq9tbJjGZVRl4AaABAg,NEG,0.9722921252250671,0.024102987721562386,0.0036049196496605873
UgyvMO5z1LjtvyRIIxd4AaABAg,NEG,0.5704160928726196,0.4039144814014435,0.025669468566775322
UgyvSxtnuw9xRiNU5tl4AaABAg,NEG,0.9324464201927185,0.040159255266189575,0.027394350618124008
UgyxvyPVCur3jgc_1mx4AaABAg,NEG,0.9741942882537842,0.019862571731209755,0.00594315305352211
UgyypM6Ts6Ut_EuFcdN4AaABAg,NEG,0.9705045819282532,0.02247428521513939,0.0070211151614785194
Ugyyx5lXrgFXsraCIMh4AaABAg,NEG,0.67546147108078,0.31276971101760864,0.011768808588385582
UgyzKNq94Z4Y2GSth514AaABAg,NEU,0.07674253731966019,0.6075899600982666,0.3156675100326538
Ugyzgy-Lqlq6CTb4GPB4AaABAg,NEG,0.9356860518455505,0.056392520666122437,0.007921443320810795
UgyzzIxBoO0_7kX1EWJ4AaABAg,NEG,0.9826697111129761,0.014484325423836708,0.002845992101356387
Ugz-XNtfLx0lzcoHUXN4AaABAg,NEG,0.960017204284668,0.029187608510255814,0.010795209556818008
Ugz158DoUO_zyZlglG14AaABAg,NEU,0.3435361981391907,0.5069615840911865,0.1495022177696228
Ugz1TFgP101cP3SQAW94AaABAg,NEG,0.9564725756645203,0.038179006427526474,0.0053483485244214535
Ugz1VUKAy1iuwk_x2jN4AaABAg,NEU,0.07585088163614273,0.8709692358970642,0.053179915994405746
Ugz1kbHjtN-jQUk3sWd4AaABAg,NEG,0.9665883183479309,0.030428556725382805,0.0029832173604518175
Ugz200h27x5RIAnswQd4AaABAg,NEG,0.9390532970428467,0.055985331535339355,0.004961405415087938
Ugz26waEPWK6VtsenFZ4AaABAg,POS,0.06756091862916946,0.3993941843509674,0.5330449342727661
Ugz26waEPWK6VtsenFZ4AaABAg.ALglV0O_2mtALgq1_mUSB_,NEU,0.21251942217350006,0.7503017783164978,0.037178777158260345
Ugz2Y0LOPaJfoV8R01d4AaABAg,NEU,0.1846514493227005,0.6434850692749023,0.17186339199543
Ugz5OziU6YjREVjZJUZ4AaABAg,NEG,0.9652059674263,0.027914326637983322,0.006879692431539297
Ugz6naDsqtHsbONkRBl4AaABAg,NEG,0.7750394940376282,0.202821284532547,0.02213926985859871
Ugz76M4X7jXyiAqAC_d4AaABAg,NEU,0.046395622193813324,0.8850530385971069,0.06855133175849915
Ugz76M4X7jXyiAqAC_d4AaABAg.A7j4tx1RMDbA7oQQlZnZR4,NEG,0.5918240547180176,0.3725627064704895,0.03561322018504143
Ugz7WPxTOQEwmZpnx_V4AaABAg,NEG,0.805343508720398,0.18066327273845673,0.013993216678500175
Ugz8BbgcucTeHAjfvqJ4AaABAg,POS,0.005070048850029707,0.07851932942867279,0.9164105653762817
Ugz8fJcHTKHoEWJPwWt4AaABAg,NEU,0.22096560895442963,0.7303741574287415,0.048660214990377426
Ugz8hBV9j2KQGtMhPUR4AaABAg,NEG,0.8151355385780334,0.1439974308013916,0.04086704179644585
Ugz8pKFUmjVv-zF8lvJ4AaABAg,NEG,0.9485925436019897,0.04397399723529816,0.007433392107486725
UgzBnKyfiTTp9djPTh54AaABAg,POS,0.010287641547620296,0.2186492532491684,0.7710630893707275
UgzBpiHQkRpqfeyCDwd4AaABAg,NEG,0.9797906279563904,0.01602148823440075,0.004187817685306072
UgzDFSLs4n_6XtQjgjZ4AaABAg,POS,0.021901143714785576,0.1630305051803589,0.8150683045387268
UgzDK8qo7Il1yafNllJ4AaABAg,POS,0.021606113761663437,0.2457943856716156,0.7325994372367859
UgzESrzC3abcN60poBF4AaABAg,POS,0.00531962001696229,0.13839519023895264,0.8562851548194885
UgzFOdujc0-cy9W1Uv14AaABAg,NEG,0.8943498134613037,0.09233127534389496,0.013318892568349838
UgzGYzecKVZyDzajKPV4AaABAg,NEG,0.7855480313301086,0.20070891082286835,0.013743109069764614
UgzH_SOr2gGO_dDna5J4AaABAg,NEG,0.9397652745246887,0.04033854976296425,0.01989622972905636
UgzJ85lM1ogkB4KOk2d4AaABAg,NEG,0.9791271090507507,0.01622331328690052,0.004649609327316284
UgzKcy6Zr6Ele2EAo6J4AaABAg,POS,0.00558608490973711,0.08799674361944199,0.9064171314239502
UgzL_lyzP1gwPdnVQ3Z4AaABAg,POS,0.006141846999526024,0.043518733233213425,0.9503394365310669
UgzMXsCXt9Lh-tk3fZd4AaABAg,POS,0.25584739446640015,0.27108094096183777,0.4730716645717621
UgzMXsCXt9Lh-tk3fZd4AaABAg.A_zGMKwFBhPA_zWhjiGKb7,POS,0.01868552714586258,0.15930260717868805,0.8220118880271912
UgzM_dw7xZDkJJ8eYQ94AaABAg,NEG,0.6588799357414246,0.30907905101776123,0.03204091638326645
UgzMppllQcjsXkBLgiZ4AaABAg,NEG,0.8680897951126099,0.12120252102613449,0.010707645677030087
UgzOB-KAGGElQGAPxEZ4AaABAg,NEG,0.9705830812454224,0.025960329920053482,0.003456666599959135
UgzOGr7KGQ9pa-CJdgN4AaABAg,NEG,0.9248942732810974,0.0689811259508133,0.006124565377831459
UgzOYjc2Ii04ZArW7vF4AaABAg,NEG,0.7932334542274475,0.19191324710845947,0.014853296801447868
UgzOeIbOqa0dhaWyj_B4AaABAg,POS,0.03428975120186806,0.2135649472475052,0.7521452903747559
UgzPExq20lnf7-8d7_p4AaABAg,POS,0.08729813247919083,0.2081688642501831,0.7045329809188843
UgzQTWwjC_XVPUNxuXp4AaABAg,NEG,0.9549195170402527,0.0386468730866909,0.006433662958443165
UgzRlz8OqalaHh8EnUl4AaABAg,NEU,0.2682356536388397,0.494384765625,0.23737958073616028
UgzRlz8OqalaHh8EnUl4AaABAg.Aa9hqaKl_ywAaB_OUjpKKh,NEG,0.6987630128860474,0.22484156489372253,0.07639538496732712
UgzRyWsi9Ed1wsXKgwd4AaABAg,POS,0.0077590662986040115,0.04705981910228729,0.945181131362915
UgzSjpcAY2zvJ6i-poh4AaABAg,NEG,0.7439435124397278,0.22535818815231323,0.030698323622345924
UgzSu6dFpC7PrEYl7AF4AaABAg,NEG,0.9328250288963318,0.060851678252220154,0.006323404610157013
UgzT_1dx4pvgJTFMsnZ4AaABAg,NEU,0.23061321675777435,0.6183149814605713,0.15107181668281555
UgzTqBd3og9IPuVu3o94AaABAg,NEG,0.9419182538986206,0.0502106212079525,0.007871071808040142
UgzU2eLo006-Cz6rYLZ4AaABAg,NEG,0.8759531378746033,0.1204179897904396,0.0036288308911025524
UgzVRaRar_M-cPPi92x4AaABAg,NEG,0.5962641835212708,0.3593136966228485,0.04442218318581581
UgzVSZ19e2Cc28bFi-94AaABAg,NEG,0.8573841452598572,0.08753231912851334,0.055083513259887695
UgzVsPOuFAogocL8wKB4AaABAg,POS,0.005623912438750267,0.11763183772563934,0.8767442107200623
UgzWNBqTQMz8ba4pbUd4AaABAg,NEG,0.8749882578849792,0.11868888884782791,0.006322889588773251
UgzWNJK42U_F1IKlwwh4AaABAg,NEG,0.9662943482398987,0.025103505700826645,0.008602139540016651
UgzWs20muY6Ghm9Z7094AaABAg,POS,0.04664460942149162,0.19163557887077332,0.761719822883606
UgzXDN6uNEworKy3uqZ4AaABAg,NEU,0.0230876374989748,0.6439628005027771,0.33294954895973206
UgzYz6n8mPI0dBWsP2h4AaABAg,NEG,0.5209766030311584,0.43403348326683044,0.044989943504333496
UgzZMPOIKJlwEpgh7zd4AaABAg,NEG,0.7827906012535095,0.20706257224082947,0.010146808810532093
UgzZMPOIKJlwEpgh7zd4AaABAg.AaB6SZj2UadAaBRkGrUAJI,NEU,0.1877751350402832,0.7816064357757568,0.03061843104660511
UgzZMPOIKJlwEpgh7zd4AaABAg.AaB6SZj2UadAaCH5adXxCo,NEG,0.8569008111953735,0.10553326457738876,0.03756597638130188
UgzZc-W-gVj1t4SXc-54AaABAg,POS,0.027607735246419907,0.3168787658214569,0.6555134654045105
UgzaTUgOy4ekC0xQoFt4AaABAg,NEU,0.3261435627937317,0.6006971597671509,0.07315920293331146
UgzaWev1Ju6338Y7Ehl4AaABAg,POS,0.006266353651881218,0.17094413936138153,0.8227894902229309
UgzaWev1Ju6338Y7Ehl4AaABAg.A3Wof66r37mA3WrEtkJyep,NEU,0.35225436091423035,0.528963565826416,0.11878203600645065
Ugzb66mq9Rv0T7aalfJ4AaABAg,NEG,0.6570690274238586,0.2680172324180603,0.07491370290517807
UgzcJTEHjaN8bEV8Hfd4AaABAg,NEG,0.9800772070884705,0.015663351863622665,0.004259472247213125
UgzcVyiuFGJ0Yv0C4Zt4AaABAg,NEG,0.6038219928741455,0.35269343852996826,0.043484531342983246
Ugzd2CVlJWOmHWBPSkN4AaABAg,NEG,0.9763292074203491,0.01654447242617607,0.007126282900571823
UgzeCbhVJhOJATewi5J4AaABAg,NEU,0.4305974841117859,0.4702310562133789,0.09917141497135162
UgzfLTatI6lJD6Z_u_94AaABAg,POS,0.005019481759518385,0.07031489908695221,0.924665629863739
UgzfXuFsM8L3Qt6qWJV4AaABAg,NEG,0.9561845660209656,0.03722449019551277,0.00659100990742445
Ugzfc9D5wlSKYgY5Jrh4AaABAg,NEG,0.7651814818382263,0.21747544407844543,0.01734307035803795
Ugzfc9D5wlSKYgY5Jrh4AaABAg.Aa9bbFyRF_AAaB_C3DtL_L,NEG,0.8806573152542114,0.09981244057416916,0.01953021064400673
Ugzhc5zg6rDOR3ltTAZ4AaABAg,POS,0.030125834047794342,0.24646414816379547,0.7234100699424744
UgzhjFXjeUslGQMZ7KB4AaABAg,NEG,0.7939882278442383,0.17382852733135223,0.032183293253183365
UgzhtSisQXcyX7bqkzB4AaABAg,NEG,0.9514305591583252,0.03648286312818527,0.012086672708392143
Ugzi82q6lRyjtKUL5lV4AaABAg,NEG,0.8982052206993103,0.07795634120702744,0.023838434368371964
Ugzin8yr1Zz1k47GsSp4AaABAg,NEG,0.4353407621383667,0.42012158036231995,0.14453768730163574
UgzjFGboqNxQ7BcH0bZ4AaABAg,POS,0.006863821297883987,0.07084499299526215,0.9222911596298218
UgzjqVqTKYeOrM1kW0F4AaABAg,NEU,0.20075291395187378,0.5706137418746948,0.2286333292722702
Ugzk5XnOVKoVj8FiOCB4AaABAg,NEG,0.6866446733474731,0.29417234659194946,0.019182955846190453
UgzlqevYeQWpdUl_KON4AaABAg,NEG,0.9535322189331055,0.04025754705071449,0.006210210267454386
Ugzm7wFhhdctNQt_ubl4AaABAg,POS,0.06848808377981186,0.379763662815094,0.5517483353614807
UgzmBKXDgncBFsDjRwd4AaABAg,NEG,0.66717928647995,0.29404374957084656,0.0387769415974617
UgzmBVMoFVO53-_ZZ-54AaABAg,POS,0.023982638493180275,0.08837521821260452,0.8876421451568604
UgzpHaLJJjoD9FnKO6p4AaABAg,POS,0.012749670073390007,0.09586741775274277,0.8913828730583191
UgzpdnDQDBV6UZ96GZh4AaABAg,NEG,0.9006650447845459,0.07787038385868073,0.021464547142386436
UgzpzyaFY6F6IdFxzk14AaABAg,NEG,0.6496427655220032,0.3369038701057434,0.013453325256705284
UgzrrbkpudLqNqr7s6R4AaABAg,NEG,0.7819759845733643,0.20592352747917175,0.012100506573915482
Ugzs8eXa8mdQ8wlS4FZ4AaABAg,POS,0.0024124211631715298,0.01956966519355774,0.9780178666114807
UgztKpwRx20oET8wGLJ4AaABAg,NEG,0.7728756666183472,0.17624583840370178,0.05087846890091896
UgzuugQO6qMSbkVsdGp4AaABAg,NEU,0.055426351726055145,0.8852434158325195,0.05933021381497383
UgzvKLXKEkVzjn_XRHp4AaABAg,NEG,0.9698033332824707,0.02565773017704487,0.004538933280855417
UgzwvEpQc3M_AWvNDad4AaABAg,POS,0.0051336344331502914,0.025574205443263054,0.969292163848877
Ugzx7TTfRu5S-pT0LuZ4AaABAg,NEG,0.648434042930603,0.3222980499267578,0.0292679350823164
UgzxhrnRAMNePfy6u7J4AaABAg,NEU,0.3289961516857147,0.35480859875679016,0.31619521975517273
UgzzpE27HS1dmWfyATJ4AaABAg,POS,0.04954572021961212,0.32703709602355957,0.6234171986579895
