comment_id,video_id,channel_name,sentimiento,prob_neg,prob_neu,prob_pos
Ugw-J65a1iYL9hqhELh4AaABAg,j43HgwYFKfk,Quorum,NEG,0.807786762714386,0.1462850868701934,0.0459281168878078
Ugw-ZT9t9wU2V-tCaUZ4AaABAg,06mFNPU0aB8,Noti7,NEG,0.9650872945785522,0.0290803387761116,0.0058324974961578
Ugw0xaOb2CYXXoudtwJ4AaABAg,j43HgwYFKfk,Quorum,NEG,0.97137713432312,0.0259668678045272,0.0026560276746749
Ugw0xgUc2ISpBr5_T654AaABAg,j43HgwYFKfk,Quorum,NEG,0.7018647789955139,0.2676486372947693,0.0304866097867488
Ugw1ZzA21njWhaqQQTh4AaABAg,OkXlHx0hx-8,Noticias Telemundo,NEG,0.8103276491165161,0.1704313457012176,0.0192409865558147
Ugw1ZzA21njWhaqQQTh4AaABAg.Aa9Tf29tBouAaB_XZQglTL,OkXlHx0hx-8,Noticias Telemundo,NEU,0.3089751005172729,0.539604127407074,0.151420772075653
Ugw2014OIYf336oytFt4AaABAg,yLZS3JiEBg8,Quorum,POS,0.0219162162393331,0.3888192772865295,0.5892645716667175
Ugw2bSVOoNn2pc8ZcUl4AaABAg,n8iP75gIpmw,Quorum,NEG,0.5835473537445068,0.3766858279705047,0.039766851812601
Ugw3gnUvLp6AqO0_odt4AaABAg,lj983NWyAQY,Municipalidad de Guatemala,NEU,0.1579450666904449,0.6771429181098938,0.1649120897054672
Ugw4C1ijI36l6LAiSZh4AaABAg,n8iP75gIpmw,Quorum,NEG,0.5815954208374023,0.2898416221141815,0.1285630315542221
Ugw4St_YnT9_Ya5xSPt4AaABAg,ndAZjHqzzT8,Quorum,NEG,0.914256989955902,0.0802496895194053,0.0054933708161115
Ugw4ccnmIWJaE6VNRWN4AaABAg,6W4u8sGEnGM,Gobierno de la República de Guatemala,POS,0.0249835886061191,0.0752661526203155,0.8997502326965332
Ugw5E402-fn52PLXFIJ4AaABAg,n8iP75gIpmw,Quorum,NEG,0.7196908593177795,0.2552507817745209,0.025058414787054
Ugw5URsiAF9QVoniY-l4AaABAg,n8iP75gIpmw,Quorum,NEG,0.8866134285926819,0.1064338460564613,0.0069526471197605
Ugw5xMAuDaygo77ynI94AaABAg,n8iP75gIpmw,Quorum,NEG,0.9809203147888184,0.0159931294620037,0.0030865054577589
Ugw6cfXYfV4H-asKlDR4AaABAg,TT4qJ5FXHYE,Quorum,NEG,0.97502201795578,0.0214528888463974,0.0035250708460807
Ugw74asIfir0_SVC6OB4AaABAg,j43HgwYFKfk,Quorum,NEU,0.2983644306659698,0.6854534149169922,0.0161820817738771
Ugw86zOgTwKzYotlT9l4AaABAg,n8iP75gIpmw,Quorum,NEG,0.9045087695121764,0.0889626890420913,0.0065285065211355
Ugw8iZ_G2Cwq-9ZYctt4AaABAg,j43HgwYFKfk,Quorum,NEG,0.9448850154876708,0.0435852073132991,0.0115297604352235
Ugw8pyxscJNUQpfoKuF4AaABAg,n8iP75gIpmw,Quorum,NEG,0.7940720915794373,0.1953151673078537,0.0106127029284834
Ugw9_Qw_QaSdggWuKJt4AaABAg,06mFNPU0aB8,Noti7,NEU,0.1226591691374778,0.815261960029602,0.06207887083292
Ugw9eye2GML6RHRSu-14AaABAg,n8iP75gIpmw,Quorum,NEG,0.9528023600578308,0.0372780337929725,0.009919611737132
UgwA5aTmgACLCuTUT494AaABAg,lj983NWyAQY,Municipalidad de Guatemala,POS,0.0106851505115628,0.1313981115818023,0.8579167723655701
UgwARHTnVAzzPrHbNox4AaABAg,n8iP75gIpmw,Quorum,POS,0.0029452960006892,0.0232759248465299,0.9737788438796996
UgwBIwUPLGxEWAu3Mh14AaABAg,X_FAIef8qlE,Quorum,NEG,0.8915751576423645,0.1050563007593154,0.0033685336820781
UgwCW5PErySUmwse3bZ4AaABAg,OkXlHx0hx-8,Noticias Telemundo,NEU,0.4655865132808685,0.4727423191070556,0.0616711564362049
UgwCfRlzeiXz172UQQV4AaABAg,yLZS3JiEBg8,Quorum,POS,0.0028262652922421,0.0355118662118911,0.9616618156433104
UgwCw9bhAw6suYQfCWx4AaABAg,j43HgwYFKfk,Quorum,POS,0.0306216236203908,0.2022071927785873,0.7671712040901184
UgwEOUk-ofXNqkHW5Cx4AaABAg,n8iP75gIpmw,Quorum,NEG,0.9598258137702942,0.0372034274041652,0.0029706705827265
UgwEQHx8Ik7SbxBTQ914AaABAg,n8iP75gIpmw,Quorum,NEU,0.3548590540885925,0.5239256024360657,0.1212154030799865
UgwEjfj5ueeimHg-Hbt4AaABAg,j43HgwYFKfk,Quorum,NEG,0.8794482350349426,0.1044287905097007,0.016122942790389
UgwG3XiEgFlHKtrtTqd4AaABAg,n8iP75gIpmw,Quorum,NEG,0.968944489955902,0.0277609024196863,0.0032945978455245
UgwGm1V-_GN1ZPcijdl4AaABAg,n8iP75gIpmw,Quorum,NEG,0.9338314533233644,0.0627597272396087,0.0034088052343577
UgwHY5LtTiQ0lBONp8N4AaABAg,n8iP75gIpmw,Quorum,NEG,0.9452114701271056,0.046043261885643,0.0087452875450253
UgwIB06iEQnFOFLc9et4AaABAg,6W4u8sGEnGM,Gobierno de la República de Guatemala,NEG,0.962307631969452,0.0331094190478324,0.0045828660950064
UgwIB06iEQnFOFLc9et4AaABAg.Aa-0m2jDJt2Aa42DVzs9Zy,6W4u8sGEnGM,Gobierno de la República de Guatemala,NEG,0.8334043622016907,0.1386400312185287,0.0279556512832641
UgwIBBqN6fh6MURkwkN4AaABAg,j43HgwYFKfk,Quorum,NEG,0.9712888598442078,0.0226017460227012,0.0061093280091881
UgwIiqrp6EYNoFmnBAR4AaABAg,n8iP75gIpmw,Quorum,NEG,0.9209766387939452,0.0625555217266082,0.0164677742868661
UgwIlv8gtF3WKYfHSJJ4AaABAg,j43HgwYFKfk,Quorum,NEU,0.2560135126113891,0.7021542191505432,0.0418322160840034
UgwJ4UehO5E4j0niJU14AaABAg,n8iP75gIpmw,Quorum,NEG,0.6899157762527466,0.2889029681682586,0.021181309595704
UgwJMFYT7I9czw_oa0V4AaABAg,n8iP75gIpmw,Quorum,NEU,0.1274202466011047,0.7868337631225586,0.0857459530234336
UgwJN55EmMcKPRb_AfB4AaABAg,n8iP75gIpmw,Quorum,NEG,0.9748119711875916,0.0217958558350801,0.0033922218717634
UgwKjHT5lyjLiqR9ym94AaABAg,n8iP75gIpmw,Quorum,POS,0.1007366180419921,0.2032328695058822,0.6960305571556091
UgwL_UlN82zRUeNgVDh4AaABAg,j43HgwYFKfk,Quorum,NEU,0.3924492597579956,0.5653054118156433,0.0422452613711357
UgwMfCTNaiukOxMqfON4AaABAg,6W4u8sGEnGM,Gobierno de la República de Guatemala,NEU,0.0813637822866439,0.756609320640564,0.1620268821716308
UgwNvErOoJ_qRYF6TB94AaABAg,j43HgwYFKfk,Quorum,NEG,0.8715704679489136,0.0893592238426208,0.0390703417360782
UgwO8kzHC551ofxNYCV4AaABAg,TT4qJ5FXHYE,Quorum,POS,0.0044542644172906,0.0256703738123178,0.9698753356933594
UgwPCZZx2gI444cg2AV4AaABAg,n8iP75gIpmw,Quorum,NEG,0.9737553000450134,0.0214402340352535,0.0048045166768133
UgwRLgDGrh-_TEVNOYh4AaABAg,OkXlHx0hx-8,Noticias Telemundo,NEU,0.2297697514295578,0.7296850681304932,0.0405451506376266
UgwSDn5aIUEZwOlx9c94AaABAg,zweosulrwA8,Quorum,POS,0.0331341959536075,0.4100582301616668,0.5568075776100159
UgwSt406Q1HWBWCewI14AaABAg,6W4u8sGEnGM,Gobierno de la República de Guatemala,NEU,0.1088415682315826,0.6455961465835571,0.2455622255802154
UgwSt406Q1HWBWCewI14AaABAg.Aa-KmSVE5UgAa-M7iXQwik,6W4u8sGEnGM,Gobierno de la República de Guatemala,NEU,0.1808439493179321,0.5539582371711731,0.2651977837085724
UgwTyYcT2aNvGA5DK4J4AaABAg,n8iP75gIpmw,Quorum,POS,0.0143663464114069,0.204048603773117,0.7815849781036377
UgwUZL4XYbr2lbEi1r94AaABAg,j43HgwYFKfk,Quorum,NEU,0.1502353698015213,0.7764543890953064,0.0733102411031723
UgwXm2HjtCzRKiDHflJ4AaABAg,JkpVO1hx2f8,Quorum,NEG,0.729413628578186,0.2541269659996032,0.0164594873785972
UgwY0wdDJRzHsTCnLbN4AaABAg,n8iP75gIpmw,Quorum,NEG,0.9721691012382508,0.0204587467014789,0.0073721124790608
UgwY2FW-3sBGV2CGxaJ4AaABAg,06mFNPU0aB8,Noti7,POS,0.0042711342684924,0.0304063819348812,0.965322494506836
UgwYTL5-XYvmQxsC3Bt4AaABAg,n8iP75gIpmw,Quorum,NEG,0.9705525636672974,0.0257692653685808,0.0036781253293156
UgwYaHf9EYIl5Pf-y514AaABAg,n8iP75gIpmw,Quorum,NEG,0.9535378217697144,0.0376941822469234,0.0087679801508784
UgwZw9X6DpxCIJ6YkXZ4AaABAg,PjmxCj-a9Hg,Gobierno de la República de Guatemala,NEG,0.9177561402320862,0.0735596790909767,0.0086841573938727
Ugw_g00Bv3m-cnSxhMp4AaABAg,OkXlHx0hx-8,Noticias Telemundo,NEG,0.9829134345054626,0.0143519947305321,0.0027345272246748
Ugw_wfk-1nUcdyG3muZ4AaABAg,n8iP75gIpmw,Quorum,POS,0.0074361469596624,0.0539656355977058,0.9385982155799866
UgwaGYcI3FekgL1PZct4AaABAg,j43HgwYFKfk,Quorum,NEG,0.9759317636489868,0.0210607443004846,0.0030074589885771
UgwaokeDKlLgSdqHpW94AaABAg,n8iP75gIpmw,Quorum,NEU,0.4586732685565948,0.5135296583175659,0.0277970917522907
Ugwbnz3tRoBa7Vs3A3d4AaABAg,b_Hkrkl3adA,PrensaLibreOficial,NEG,0.901703417301178,0.0898746028542518,0.008421953767538
Ugwc0TMrFYylioxh_Sh4AaABAg,6W4u8sGEnGM,Gobierno de la República de Guatemala,POS,0.0647011846303939,0.3607542812824249,0.5745444893836975
UgwcF8V3__81jxC8Eh14AaABAg,n8iP75gIpmw,Quorum,NEG,0.9374303817749025,0.0545374453067779,0.0080321729183197
UgwdC_aDdYB1wpgGNAt4AaABAg,lj983NWyAQY,Municipalidad de Guatemala,POS,0.0096699930727481,0.1086386740207672,0.8816913366317749
Ugwe0V0ssRP-r167Lzh4AaABAg,n8iP75gIpmw,Quorum,NEG,0.8222560882568359,0.1632983684539795,0.0144456187263131
UgwgSP2G2qKwGGl5CSp4AaABAg,6W4u8sGEnGM,Gobierno de la República de Guatemala,NEU,0.1406995058059692,0.4675390422344208,0.3917615115642547
UgwgoKatyznihVvDVVd4AaABAg,n8iP75gIpmw,Quorum,NEG,0.9539276361465454,0.0344678871333599,0.0116044878959655
UgwguqWom06c5opgpiF4AaABAg,n8iP75gIpmw,Quorum,NEG,0.8495967984199524,0.1195315197110176,0.0308717470616102
UgwhphOY9n46ofElDut4AaABAg,PjmxCj-a9Hg,Gobierno de la República de Guatemala,NEG,0.968819499015808,0.0271443165838718,0.0040362584404647
UgwiGxmosawIyTVTjnB4AaABAg,n8iP75gIpmw,Quorum,NEG,0.8959919214248657,0.0905755460262298,0.013432458974421
Ugwih8O9PeaJ_zd7FWV4AaABAg,n8iP75gIpmw,Quorum,NEG,0.9758647084236144,0.0205435324460268,0.0035916969645768
Ugwije36G_n35mshRfp4AaABAg,6W4u8sGEnGM,Gobierno de la República de Guatemala,NEU,0.1488303691148758,0.5659883618354797,0.2851812541484833
UgwjKxflp7TiD0e7_494AaABAg,n8iP75gIpmw,Quorum,NEG,0.9009563326835632,0.0850256457924842,0.0140180271118879
Ugwjtq_DUb6ISU-ppsh4AaABAg,n8iP75gIpmw,Quorum,POS,0.0214819479733705,0.4021507501602173,0.5763673186302185
UgwkiP4fW1xfpXbZcV14AaABAg,n8iP75gIpmw,Quorum,NEG,0.963775098323822,0.0315733589231967,0.0046515064314007
Ugwm9VajlW3ydbsf-BJ4AaABAg,6W4u8sGEnGM,Gobierno de la República de Guatemala,POS,0.0287180356681346,0.1279004663228988,0.8433814644813538
UgwmvtMMEFg5rWbrmtV4AaABAg,yLZS3JiEBg8,Quorum,NEG,0.9108222126960754,0.0820751264691352,0.0071026319637894
UgwnCwptihjhFCfQK_l4AaABAg,6W4u8sGEnGM,Gobierno de la República de Guatemala,NEU,0.1407715380191803,0.7334155440330505,0.1258128881454467
UgwopmNYOXxE5kyT7fF4AaABAg,n8iP75gIpmw,Quorum,NEG,0.8228858113288879,0.160841554403305,0.0162727236747741
UgwovhZaCiV0r6XOH_R4AaABAg,ndAZjHqzzT8,Quorum,NEU,0.2034150809049606,0.4778620898723602,0.3187228441238403
UgwoyDvqZ6NlBCvXB7t4AaABAg,yLZS3JiEBg8,Quorum,NEG,0.96089106798172,0.0346258841454982,0.0044830348342657
Ugwp1SacIqA0qS_netd4AaABAg,n8iP75gIpmw,Quorum,NEG,0.7505590319633484,0.2292390167713165,0.0202020145952701
UgwpY9PE_PBfwa2_g_N4AaABAg,n8iP75gIpmw,Quorum,NEG,0.9817752838134766,0.015528823249042,0.0026958992239087
Ugwqsca_nj4eGguiyTJ4AaABAg,j43HgwYFKfk,Quorum,NEG,0.9800505042076112,0.0149307856336236,0.0050186710432171
UgwrIvqGid-S983oU9J4AaABAg,n8iP75gIpmw,Quorum,NEG,0.9381494522094728,0.0480939224362373,0.0137565787881612
UgwsCWap2Jq1pNrLOWl4AaABAg,n8iP75gIpmw,Quorum,POS,0.021509950980544,0.0622555166482925,0.9162344932556152
UgwtcR5U0FAkeZsiVVt4AaABAg,06mFNPU0aB8,Noti7,NEG,0.8489302396774292,0.1290113627910614,0.0220584142953157
Ugwvm2HYh08HI1HkcXV4AaABAg,PjmxCj-a9Hg,Gobierno de la República de Guatemala,POS,0.0070086796768009,0.0390051417052745,0.95398610830307
UgwvvK1L0aLOhCMUzfN4AaABAg,n8iP75gIpmw,Quorum,NEG,0.9671024680137634,0.0281926803290843,0.0047049229033291
UgwwH4OIcVCCN6SbBX14AaABAg,n8iP75gIpmw,Quorum,NEG,0.9619882702827454,0.0307902731001377,0.0072214687243103
UgwwKfLmhHVU-Oxzqtl4AaABAg,n8iP75gIpmw,Quorum,NEG,0.8561893701553345,0.1314418315887451,0.0123686967417597
UgwwPrhCy2levkb6TRd4AaABAg,ndAZjHqzzT8,Quorum,NEG,0.967195212841034,0.030519438907504,0.0022853445261716
UgwxjmtBoAozs0ZUAcd4AaABAg,is3Mk5oC19g,TN23 Guatemala,NEG,0.9079324007034302,0.0777178630232811,0.0143497688695788
UgwxjmtBoAozs0ZUAcd4AaABAg.AaAbqoGVGipAaAjNG9oPRN,is3Mk5oC19g,TN23 Guatemala,NEU,0.214274376630783,0.5860719084739685,0.1996536701917648
UgwypjUeZBU45DrrW0d4AaABAg,n8iP75gIpmw,Quorum,NEG,0.9675392508506776,0.0294236112385988,0.0030371255706995
Ugwz_6qtdDTbTWEUQQ94AaABAg,n8iP75gIpmw,Quorum,NEG,0.9856871962547302,0.0108086029067635,0.0035041270311921
Ugx-G2kCu5aSwh3IR5l4AaABAg,n8iP75gIpmw,Quorum,NEG,0.9523075819015504,0.044807456433773,0.002884957473725
Ugx-cQ3Wf3whk_hssDR4AaABAg,06mFNPU0aB8,Noti7,NEG,0.9158505797386168,0.0760396793484687,0.0081096962094306
Ugx-hH6Ysw9sdv3kHPN4AaABAg,j43HgwYFKfk,Quorum,NEG,0.8668217062950134,0.0981710851192474,0.03500721976161
Ugx1reCoIQcnK3ii2GR4AaABAg,n8iP75gIpmw,Quorum,NEG,0.9651615619659424,0.0303202494978904,0.0045181885361671
Ugx2ApaAMqe4ca4SCYx4AaABAg,n8iP75gIpmw,Quorum,NEU,0.1492774933576584,0.7252496480941772,0.1254728287458419
Ugx2LwWBVc3mFGJAinB4AaABAg,n8iP75gIpmw,Quorum,NEU,0.0252491421997547,0.555447518825531,0.4193033576011657
Ugx2byJzZBZkDMQMUqV4AaABAg,n8iP75gIpmw,Quorum,NEG,0.9095709323883056,0.0709223225712776,0.0195067077875137
Ugx3uDgmZQhx3Z3VOzt4AaABAg,j43HgwYFKfk,Quorum,NEU,0.1277404725551605,0.7593331336975098,0.1129263713955879
Ugx3yIUZXGeiOVESIEl4AaABAg,n8iP75gIpmw,Quorum,NEU,0.3575282394886017,0.610590398311615,0.0318813845515251
Ugx4dn4xlUl9Jp9QJeJ4AaABAg,6W4u8sGEnGM,Gobierno de la República de Guatemala,POS,0.0115432403981685,0.4162537753582001,0.5722029805183411
Ugx6Wjc02tqpQUBf4NJ4AaABAg,yLZS3JiEBg8,Quorum,NEG,0.9372140169143676,0.0519257970154285,0.010860214009881
Ugx74OPnWkWaFjpFuA94AaABAg,n8iP75gIpmw,Quorum,NEG,0.6596592664718628,0.3277985751628876,0.0125421090051531
Ugx74OPnWkWaFjpFuA94AaABAg.A7ki-1ED5b2A7nIcG2_svP,n8iP75gIpmw,Quorum,NEU,0.2423507124185562,0.4796285331249237,0.2780207395553589
Ugx7Gvgflw7nQKqoR094AaABAg,lj983NWyAQY,Municipalidad de Guatemala,POS,0.0057544568553566,0.0622621811926364,0.9319833517074584
Ugx7ezRwB-DpY3VQt754AaABAg,n8iP75gIpmw,Quorum,NEU,0.4346743524074554,0.5273992419242859,0.0379264205694198
Ugx7j6oWhgfonHPJCdR4AaABAg,n8iP75gIpmw,Quorum,NEG,0.8767416477203369,0.1097024455666542,0.0135559290647506
Ugx8FxDKPAY-M_JhRgd4AaABAg,n8iP75gIpmw,Quorum,NEG,0.805343508720398,0.1806632727384567,0.0139932166785001
Ugx8vuWdqsWZslsS9R14AaABAg,WIUZtitfLRw,Quorum,NEU,0.1732599288225174,0.4971191883087158,0.3296209275722503
Ugx90cmhNaRBNDou1BR4AaABAg,OkXlHx0hx-8,Noticias Telemundo,NEG,0.5452280044555664,0.4138330519199371,0.040938951075077
Ugx90cmhNaRBNDou1BR4AaABAg.AaA5Ej9IqgQAaBaWPRQg7K,OkXlHx0hx-8,Noticias Telemundo,NEG,0.9383435249328612,0.0429104678332805,0.0187460295855999
Ugx90cmhNaRBNDou1BR4AaABAg.AaA5Ej9IqgQAaCnVqXU5cy,OkXlHx0hx-8,Noticias Telemundo,NEU,0.3543148934841156,0.4728859364986419,0.1727991253137588
Ugx90cmhNaRBNDou1BR4AaABAg.AaA5Ej9IqgQAaCz3GqqPAJ,OkXlHx0hx-8,Noticias Telemundo,NEU,0.0366988331079483,0.6458730101585388,0.3174281716346741
UgxCKgaQSm13r2z9hFd4AaABAg,j43HgwYFKfk,Quorum,NEG,0.9671465158462524,0.0307127758860588,0.0021407455205917
UgxCT5F3jO763e2aO-t4AaABAg,OkXlHx0hx-8,Noticias Telemundo,NEG,0.4778704047203064,0.4705600142478943,0.0515695475041866
UgxCjFHfuFk1jUGvoIB4AaABAg,lj983NWyAQY,Municipalidad de Guatemala,POS,0.0043375641107559,0.0501400120556354,0.9455224275588988
UgxD16VX3BhREOtsuhJ4AaABAg,yLZS3JiEBg8,Quorum,NEG,0.9496656060218812,0.0435986816883087,0.0067357555963099
UgxDBhcq11EK83DqrSZ4AaABAg,j43HgwYFKfk,Quorum,POS,0.0137922037392854,0.1841685026884079,0.8020393252372742
UgxDFo35bUo0APtZcd94AaABAg,lj983NWyAQY,Municipalidad de Guatemala,NEG,0.803084671497345,0.1756084561347961,0.0213069468736648
UgxEE17R1iQyuDZebVF4AaABAg,06mFNPU0aB8,Noti7,NEU,0.1227513402700424,0.8171632885932922,0.0600852631032466
UgxEE17R1iQyuDZebVF4AaABAg.A_UFk_pMAbMA_VZ_0Vdu89,06mFNPU0aB8,Noti7,NEU,0.1958656460046768,0.7157944440841675,0.0883398279547691
UgxE_8DGgJmaHaV_WLJ4AaABAg,n8iP75gIpmw,Quorum,NEG,0.8431577682495117,0.146713525056839,0.0101287057623267
UgxEsAK7q3l34wFdZ414AaABAg,6W4u8sGEnGM,Gobierno de la República de Guatemala,NEG,0.9653481245040894,0.0296144820749759,0.0050373310223221
UgxEsAK7q3l34wFdZ414AaABAg.A_zCnf5bSajA_zKDdWQaaO,6W4u8sGEnGM,Gobierno de la República de Guatemala,NEG,0.9545396566390992,0.039479374885559,0.0059809945523738
UgxEsAK7q3l34wFdZ414AaABAg.A_zCnf5bSajA_zMcZPgoSk,6W4u8sGEnGM,Gobierno de la República de Guatemala,NEU,0.034235943108797,0.5122796297073364,0.4534844160079956
UgxEsAK7q3l34wFdZ414AaABAg.A_zCnf5bSajA_zX0eQk5DZ,6W4u8sGEnGM,Gobierno de la República de Guatemala,NEG,0.9607275724411012,0.0259716250002384,0.0133008006960153
UgxEsAK7q3l34wFdZ414AaABAg.A_zCnf5bSajA_zXHoAX3hj,6W4u8sGEnGM,Gobierno de la República de Guatemala,NEG,0.9771748185157776,0.0186335016041994,0.0041916645132005
UgxEsAK7q3l34wFdZ414AaABAg.A_zCnf5bSajA_zXUuRIq0q,6W4u8sGEnGM,Gobierno de la República de Guatemala,NEG,0.7638130187988281,0.1979945451021194,0.0381924621760845
UgxEsAK7q3l34wFdZ414AaABAg.A_zCnf5bSajA_znUL05zze,6W4u8sGEnGM,Gobierno de la República de Guatemala,NEG,0.9121987223625184,0.077425330877304,0.0103758843615651
UgxEsAK7q3l34wFdZ414AaABAg.A_zCnf5bSajAa0q77b9a3F,6W4u8sGEnGM,Gobierno de la República de Guatemala,NEG,0.8130667209625244,0.1733677685260772,0.0135654835030436
UgxEsAK7q3l34wFdZ414AaABAg.A_zCnf5bSajAa0qEPC8tJc,6W4u8sGEnGM,Gobierno de la República de Guatemala,NEU,0.0782648622989654,0.7996494770050049,0.122085690498352
UgxEsAK7q3l34wFdZ414AaABAg.A_zCnf5bSajAa41uU3Anhg,6W4u8sGEnGM,Gobierno de la República de Guatemala,NEG,0.9607798457145692,0.0332496389746665,0.0059705348685383
UgxFOJmnMHqi2dpDaZd4AaABAg,n8iP75gIpmw,Quorum,NEG,0.8848000764846802,0.1036418676376342,0.0115581192076206
UgxFzCyhju6zPSl4zwZ4AaABAg,j43HgwYFKfk,Quorum,POS,0.0270465556532144,0.3075514435768127,0.6654019951820374
UgxHqBlwo8Dpvv-2P5d4AaABAg,n8iP75gIpmw,Quorum,NEU,0.0884236618876457,0.8619049787521362,0.0496714152395725
UgxJQfg5iHA6vRWS0El4AaABAg,j43HgwYFKfk,Quorum,NEG,0.924941897392273,0.0615915469825267,0.0134666059166193
UgxK5IJwWigmJ56Xp7p4AaABAg,ndAZjHqzzT8,Quorum,POS,0.0311609078198671,0.2298897504806518,0.7389492988586426
UgxKfM_nJMsGTkKkM8V4AaABAg,n8iP75gIpmw,Quorum,NEG,0.9731692671775818,0.0212390255182981,0.0055916979908943
UgxLNf6Xy3xngPFLs594AaABAg,n8iP75gIpmw,Quorum,NEG,0.8505210876464844,0.1433669328689575,0.0061120241880416
UgxLSZD8ZrNFmd10RKR4AaABAg,n8iP75gIpmw,Quorum,NEG,0.9717497229576112,0.0232545752078294,0.0049957074224948
UgxNSGVebHMGSFI8zX94AaABAg,6W4u8sGEnGM,Gobierno de la República de Guatemala,NEG,0.8930358290672302,0.0886607468128204,0.018303494900465
UgxNgFkGSE6nct4PF3V4AaABAg,PjmxCj-a9Hg,Gobierno de la República de Guatemala,NEU,0.1262688487768173,0.7461709380149841,0.1275602877140045
UgxOO0LIkZP1WvhR1U54AaABAg,ndAZjHqzzT8,Quorum,POS,0.0050335098057985,0.0435923933982849,0.9513741135597228
UgxPHo503SIH-EmlR-t4AaABAg,6W4u8sGEnGM,Gobierno de la República de Guatemala,POS,0.0324606709182262,0.1703453660011291,0.7971940040588379
UgxPRaGm9MdlK4U6VPt4AaABAg,n8iP75gIpmw,Quorum,NEG,0.6716195940971375,0.2842589616775512,0.0441214554011821
UgxQC-ejR063rkAb1VB4AaABAg,yLZS3JiEBg8,Quorum,NEG,0.98012113571167,0.0170458760112524,0.0028330048080533
UgxR0AXNH_3DGn-T1494AaABAg,n8iP75gIpmw,Quorum,NEG,0.7736864686012268,0.2135539948940277,0.0127595467492938
UgxR1eqvFSEtPNShD8x4AaABAg,6W4u8sGEnGM,Gobierno de la República de Guatemala,POS,0.0221293643116951,0.2119507938623428,0.7659198045730591
UgxS0pN-vg0fjeNSLeJ4AaABAg,6W4u8sGEnGM,Gobierno de la República de Guatemala,NEG,0.9709585309028624,0.0247948374599218,0.0042466036975383
UgxTjz0jSJkZW5dGnSp4AaABAg,n8iP75gIpmw,Quorum,NEG,0.9631775617599488,0.0310866236686706,0.0057358420453965
UgxVUS-jkZU2DAjmNjR4AaABAg,n8iP75gIpmw,Quorum,NEG,0.9683577418327332,0.0275818072259426,0.0040604514069855
UgxW0ZnTohConSPgOpp4AaABAg,j43HgwYFKfk,Quorum,POS,0.0072461855597794,0.0481960028409957,0.944557785987854
UgxWzoHDeFfVC7jrjzF4AaABAg,OkXlHx0hx-8,Noticias Telemundo,POS,0.0041766576468944,0.0444073416292667,0.9514159560203552
UgxWzoHDeFfVC7jrjzF4AaABAg.Aa9DdH5avRRAaB_gLYRAuw,OkXlHx0hx-8,Noticias Telemundo,NEG,0.6682208776473999,0.2674578428268432,0.0643212795257568
UgxXGkvxY-TdtPROWcV4AaABAg,j43HgwYFKfk,Quorum,NEG,0.945716679096222,0.0432528555393219,0.0110305501148104
UgxXy9CurqMBEjFnVwF4AaABAg,ndAZjHqzzT8,Quorum,POS,0.0027395992074161,0.0368961915373802,0.9603641629219056
UgxZFzh6jzOX7Avhk1h4AaABAg,n8iP75gIpmw,Quorum,NEU,0.3446088135242462,0.5728293657302856,0.0825618579983711
Ugx_gjcVH5SlIKBNTGh4AaABAg,yLZS3JiEBg8,Quorum,POS,0.0045762280933558,0.0708618685603141,0.9245619773864746
Ugxb-sknzjBr3wecCw94AaABAg,06mFNPU0aB8,Noti7,NEG,0.926661491394043,0.0650385245680809,0.0082998881116509
Ugxb1xcC9SSJ_5vSArF4AaABAg,j43HgwYFKfk,Quorum,NEU,0.3629999756813049,0.4982492923736572,0.138750672340393
Ugxbz7-04jLwadBMK_p4AaABAg,n8iP75gIpmw,Quorum,NEG,0.9538968205451964,0.0372634790837764,0.0088395737111568
UgxcBa2IQb3I0JZcFax4AaABAg,6W4u8sGEnGM,Gobierno de la República de Guatemala,NEU,0.4533408880233764,0.498494416475296,0.0481647439301013
UgxcGV8-rD83ACvM0954AaABAg,n8iP75gIpmw,Quorum,NEG,0.8563533425331116,0.1340715885162353,0.0095751108601689
UgxctiUZJriWwsE0a6J4AaABAg,n8iP75gIpmw,Quorum,NEG,0.9674015641212464,0.026807652786374,0.0057907220907509
Ugxd8fn-MEnc3SKPtid4AaABAg,6W4u8sGEnGM,Gobierno de la República de Guatemala,NEG,0.6604190468788147,0.2815788984298706,0.0580020397901535
UgxdfjiT5_VBaeADj7h4AaABAg,6W4u8sGEnGM,Gobierno de la República de Guatemala,NEU,0.0793785974383354,0.5336158871650696,0.3870055675506592
Ugxe0MXeW4ziwUMTfF54AaABAg,n8iP75gIpmw,Quorum,NEU,0.0698178261518478,0.7917838096618652,0.1383983790874481
UgxeJQgzDc124jVv7Fx4AaABAg,j43HgwYFKfk,Quorum,POS,0.0139873474836349,0.2448114156723022,0.7412012219429016
Ugxf6gnAtXKqV1Q_zRd4AaABAg,WIUZtitfLRw,Quorum,NEU,0.073473535478115,0.5532758235931396,0.3732506334781647
UgxfUxJfY_pjvu9318Z4AaABAg,n8iP75gIpmw,Quorum,NEG,0.97584468126297,0.0188900548964738,0.0052651604637503
UgxfnbtuhVQuDILnXj14AaABAg,n8iP75gIpmw,Quorum,NEU,0.1707969307899475,0.704856276512146,0.124346800148487
Ugxgxziq7k4s9WwmauB4AaABAg,lj983NWyAQY,Municipalidad de Guatemala,NEG,0.9381409883499146,0.0549297668039798,0.0069293091073632
UgxiEgXuexKPtHEwAQJ4AaABAg,OkXlHx0hx-8,Noticias Telemundo,NEG,0.9598485827445984,0.0352268181741237,0.0049246116541326
UgxiEgXuexKPtHEwAQJ4AaABAg.Aa9HLCNywwKAa9OgyseDes,OkXlHx0hx-8,Noticias Telemundo,NEG,0.9323515892028807,0.0623444728553295,0.0053039249032735
UgxiEgXuexKPtHEwAQJ4AaABAg.Aa9HLCNywwKAa9ZeEQh7n7,OkXlHx0hx-8,Noticias Telemundo,NEG,0.8376859426498413,0.1414828896522522,0.0208311975002288
Ugxj76_NAyOnh_vsgMV4AaABAg,lj983NWyAQY,Municipalidad de Guatemala,POS,0.0024241351056843,0.0235341005027294,0.9740417003631592
UgxkcFai5KbeHyhGbnF4AaABAg,6W4u8sGEnGM,Gobierno de la República de Guatemala,POS,0.1224028095602989,0.3064438700675964,0.5711533427238464
Ugxl5bLZ1llR9fV0V0l4AaABAg,n8iP75gIpmw,Quorum,NEG,0.8663551211357117,0.1045595929026603,0.0290853828191757
UgxoLjEjkngSVGZvO1N4AaABAg,j43HgwYFKfk,Quorum,NEU,0.1744926422834396,0.5716180205345154,0.253889262676239
Ugxoc10_rBva4f6IW2N4AaABAg,n8iP75gIpmw,Quorum,NEU,0.238459512591362,0.6776947379112244,0.0838456973433494
UgxovP0Yh3_qrKdrKrp4AaABAg,yLZS3JiEBg8,Quorum,NEG,0.903251886367798,0.0906389206647872,0.0061091613024473
UgxpFKbiejsVGSNIcTh4AaABAg,n8iP75gIpmw,Quorum,NEG,0.9473000168800354,0.0461168326437473,0.0065831067040562
UgxqEChOyWebtVaqy-V4AaABAg,n8iP75gIpmw,Quorum,NEU,0.2019903510808944,0.5743103623390198,0.2236993461847305
UgxqSfWMWvqMX8tiC5x4AaABAg,n8iP75gIpmw,Quorum,NEG,0.5992347598075867,0.3796982765197754,0.021067002788186
UgxrZBO3MtEqcgXAIEN4AaABAg,lj983NWyAQY,Municipalidad de Guatemala,POS,0.002790501108393,0.0211534053087234,0.9760560989379884
UgxswojCyw1a0RuHVEp4AaABAg,3Nfp9h5avBI,Noticiero Guatevisión 13 Hrs.,NEU,0.1458610594272613,0.7918103337287903,0.0623286515474319
UgxuO_1lX_-jTQfAzZx4AaABAg,lj983NWyAQY,Municipalidad de Guatemala,POS,0.0132818343117833,0.1331905722618103,0.8535275459289551
UgxudaO35O8XcM9Wu4t4AaABAg,3Nfp9h5avBI,Noticiero Guatevisión 13 Hrs.,NEG,0.9613690376281738,0.0323882512748241,0.0062426598742604
UgxvgdNqovIhqUZDxUx4AaABAg,j43HgwYFKfk,Quorum,NEG,0.6938776969909668,0.2958773374557495,0.0102449739351868
UgxvmbFNm6tYRX6yfLN4AaABAg,n8iP75gIpmw,Quorum,NEG,0.9272072315216064,0.0621857494115829,0.0106069073081016
Ugxvt0tvqY4UlDS2hoh4AaABAg,j43HgwYFKfk,Quorum,NEG,0.8233815431594849,0.1577400267124176,0.0188783667981624
UgxvxNmPMdRuRDptJQN4AaABAg,PjmxCj-a9Hg,Gobierno de la República de Guatemala,NEG,0.8530575633049011,0.1331997960805893,0.0137426406145095
Ugxw_1trnd8loD3302V4AaABAg,n8iP75gIpmw,Quorum,NEG,0.7945011854171753,0.1956639736890792,0.0098348399624228
UgxxNu7QTJHuAgFaEYN4AaABAg,n8iP75gIpmw,Quorum,NEG,0.9751594066619872,0.0217623934149742,0.0030781088862568
UgxxdDS3FUc53KWN3KF4AaABAg,OkXlHx0hx-8,Noticias Telemundo,NEG,0.8377261161804199,0.1557207852602005,0.006553151179105
Ugxy4k7pO6jFtwyDyFp4AaABAg,n8iP75gIpmw,Quorum,NEG,0.8759095668792725,0.1147478967905044,0.009342486038804
Ugxz9vnSvQJNt4YNbYV4AaABAg,WIUZtitfLRw,Quorum,NEG,0.976106584072113,0.0208770148456096,0.0030163815245032
UgxzETIqBajjXFTGd_R4AaABAg,yLZS3JiEBg8,Quorum,NEG,0.98257577419281,0.015115026384592,0.0023092667106539
UgxzN9_I9vkDCdX_8dN4AaABAg,n8iP75gIpmw,Quorum,NEG,0.8534358739852905,0.1265017241239547,0.0200624391436576
Ugy0LbKWrqUFhWPRoKN4AaABAg,n8iP75gIpmw,Quorum,NEG,0.9247673153877258,0.0655724853277206,0.0096602095291018
Ugy0LbKWrqUFhWPRoKN4AaABAg.A7epXgDRFjZA7f-Z-rKQOV,n8iP75gIpmw,Quorum,NEG,0.951772391796112,0.0378719605505466,0.0103555787354707
Ugy0dVAcWghuyCdAVS54AaABAg,n8iP75gIpmw,Quorum,NEG,0.965833842754364,0.0281115695834159,0.0060545448213815
Ugy1neHHTJYO0umhgLt4AaABAg,n8iP75gIpmw,Quorum,POS,0.014882487244904,0.4294381737709045,0.5556793808937073
Ugy2FaeBadbmVJj7F714AaABAg,n8iP75gIpmw,Quorum,NEG,0.9317326545715332,0.0644541680812835,0.0038131640758365
Ugy4JA9MR8l_gkTNgWh4AaABAg,j43HgwYFKfk,Quorum,NEG,0.9646670818328856,0.0265802908688783,0.0087526552379131
Ugy4ex02KEXL5UFGjw14AaABAg,n8iP75gIpmw,Quorum,NEG,0.8977094292640686,0.0827486738562583,0.0195418037474155
Ugy4utoHlyokVSeSi5h4AaABAg,n8iP75gIpmw,Quorum,NEG,0.915092706680298,0.0769855752587318,0.0079216798767447
Ugy4x4u9e1_xRoppaMF4AaABAg,6W4u8sGEnGM,Gobierno de la República de Guatemala,NEU,0.0683299675583839,0.7657960057258606,0.1658739894628524
Ugy5j8gzaawBk-mw5et4AaABAg,n8iP75gIpmw,Quorum,NEG,0.9146071076393129,0.0799239203333854,0.0054689669050276
Ugy5lmf3RzzeJDUeqQd4AaABAg,ndAZjHqzzT8,Quorum,NEG,0.9826512932777404,0.0143333142623305,0.0030154141131788
Ugy6Qii72nfxIpYyuCR4AaABAg,6W4u8sGEnGM,Gobierno de la República de Guatemala,NEU,0.091800570487976,0.7034698724746704,0.2047295719385147
Ugy6isIL3n6cvYbJG-94AaABAg,JkpVO1hx2f8,Quorum,POS,0.0843459069728851,0.3613896071910858,0.554264485836029
Ugy6y6DL1AgyNzNpfMZ4AaABAg,n8iP75gIpmw,Quorum,NEG,0.9736632108688354,0.023213705047965,0.0031231204047799
Ugy7-QbaMzLjAO_vJMB4AaABAg,n8iP75gIpmw,Quorum,NEG,0.9745690822601318,0.0215758550912141,0.0038551220204681
Ugy7Dk5SDB_d3RFlHU94AaABAg,n8iP75gIpmw,Quorum,NEG,0.9338306188583374,0.063379518687725,0.0027898047119379
Ugy7b0JTkHodE4sTU_54AaABAg,WIUZtitfLRw,Quorum,NEG,0.924113392829895,0.06447234749794,0.0114141767844557
Ugy8csktFvR0eUZN4cp4AaABAg,n8iP75gIpmw,Quorum,NEG,0.7773975729942322,0.2005212604999542,0.0220811776816844
UgyAcWsNSqIPesdI3nF4AaABAg,n8iP75gIpmw,Quorum,NEG,0.9464523792266846,0.0466744862496852,0.0068731480278074
UgyB52GZe4-PXJ2TqYB4AaABAg,j43HgwYFKfk,Quorum,NEG,0.6127405166625977,0.3129906952381134,0.0742687433958053
UgyBhR2qUXgMe2NJjRN4AaABAg,PjmxCj-a9Hg,Gobierno de la República de Guatemala,NEG,0.9751647710800172,0.0193336214870214,0.0055016158148646
UgyC45vItnUiq1QrUtd4AaABAg,PjmxCj-a9Hg,Gobierno de la República de Guatemala,NEG,0.8986079096794128,0.087643027305603,0.0137490071356296
UgyC45vItnUiq1QrUtd4AaABAg.ALgn-KZ7p47ALgvLAMzZ1A,PjmxCj-a9Hg,Gobierno de la República de Guatemala,NEG,0.6204462051391602,0.2875164747238159,0.0920372903347015
UgyC45vItnUiq1QrUtd4AaABAg.ALgn-KZ7p47ALgwtbYMM1u,PjmxCj-a9Hg,Gobierno de la República de Guatemala,NEG,0.9011881351470948,0.0923380181193351,0.0064738648943603
UgyC45vItnUiq1QrUtd4AaABAg.ALgn-KZ7p47ALgx6SmnMen,PjmxCj-a9Hg,Gobierno de la República de Guatemala,NEG,0.58002108335495,0.3918289840221405,0.0281499084085226
UgyC9HUMcvW-e_nFJK14AaABAg,06mFNPU0aB8,Noti7,NEU,0.2905938625335693,0.5893130898475647,0.1200930103659629
UgyCFEFtEmhDbi91yCF4AaABAg,06mFNPU0aB8,Noti7,NEU,0.3713613152503967,0.5877434015274048,0.0408952496945858
UgyCoulSuwV8jBnjbtN4AaABAg,n8iP75gIpmw,Quorum,NEG,0.9495489597320556,0.0403693579137325,0.0100817577913403
UgyD5CIXnbXNiM-a4VF4AaABAg,6W4u8sGEnGM,Gobierno de la República de Guatemala,NEG,0.5897331237792969,0.2513431906700134,0.1589236259460449
UgyE6hk1g9jR7zB67lV4AaABAg,6W4u8sGEnGM,Gobierno de la República de Guatemala,NEU,0.112806349992752,0.6153469681739807,0.2718467116355896
UgyEM7_iOGkWV0SbNuB4AaABAg,n8iP75gIpmw,Quorum,NEG,0.9573125243186952,0.038976427167654,0.003711080411449
UgyFSrjeDvPsB0fKUdp4AaABAg,6W4u8sGEnGM,Gobierno de la República de Guatemala,POS,0.0271724574267864,0.1610927581787109,0.8117347955703735
UgyHHYcKhbzXr6xEjth4AaABAg,06mFNPU0aB8,Noti7,NEU,0.1550369262695312,0.4777681827545166,0.3671949207782745
UgyHIuxG8A2lYDRB6vh4AaABAg,6W4u8sGEnGM,Gobierno de la República de Guatemala,NEG,0.9232841730117798,0.0630449131131172,0.0136709148064255
UgyHIuxG8A2lYDRB6vh4AaABAg.A_zEyCTHfWFA_zWovudn2B,6W4u8sGEnGM,Gobierno de la República de Guatemala,NEG,0.9270396828651428,0.0642924085259437,0.0086678611114621
UgyHcSyWHx2SKCg6db14AaABAg,j43HgwYFKfk,Quorum,NEG,0.9720025062561036,0.0239205285906791,0.00407693721354
UgyIX1zx3bbc9DsK8VR4AaABAg,n8iP75gIpmw,Quorum,NEG,0.9789384603500366,0.0178934894502162,0.0031680178362876
UgyIfQ-oDt0uVFZIq9d4AaABAg,PjmxCj-a9Hg,Gobierno de la República de Guatemala,NEG,0.8736498951911926,0.1047729104757309,0.0215772483497858
UgyIteBIiYe7DjUN3554AaABAg,ndAZjHqzzT8,Quorum,NEU,0.2034150809049606,0.4778620898723602,0.3187228441238403
UgyJ7QRY-X3DsJC-t-p4AaABAg,lj983NWyAQY,Municipalidad de Guatemala,POS,0.0464106537401676,0.4366497993469238,0.5169395208358765
UgyJnStLEHxVNbAfd0p4AaABAg,PjmxCj-a9Hg,Gobierno de la República de Guatemala,NEG,0.4518207609653473,0.4445933401584625,0.1035859137773513
UgyMRj1sNq6Xkrqepst4AaABAg,n8iP75gIpmw,Quorum,NEG,0.9760298728942872,0.0196829885244369,0.0042871432378888
UgyN-BmjI1Qyr5moi-x4AaABAg,n8iP75gIpmw,Quorum,NEG,0.7800400257110596,0.1894480139017105,0.0305119976401329
UgyNuIQ1W1M3g8ut6314AaABAg,6W4u8sGEnGM,Gobierno de la República de Guatemala,NEG,0.9747358560562134,0.0194751154631376,0.0057890499010682
UgyOyo4VyMiMOhqOkGd4AaABAg,yLZS3JiEBg8,Quorum,NEG,0.8110068440437317,0.178369253873825,0.0106239151209592
UgyPm-2rnRLPav43Bt14AaABAg,TT4qJ5FXHYE,Quorum,POS,0.0051166918128728,0.0314031392335891,0.9634802341461182
UgyQQbXS_Q_JYcSefap4AaABAg,OkXlHx0hx-8,Noticias Telemundo,NEU,0.4231609106063843,0.5370840430259705,0.0397550053894519
UgyQxncw9dtHgZFgp014AaABAg,UhL9y3KUl8E,Quorum,POS,0.0027907553594559,0.0228676609694957,0.974341630935669
UgyRmKHMG-ygpot6nY14AaABAg,j43HgwYFKfk,Quorum,NEG,0.6793686151504517,0.2342648953199386,0.0863664597272872
UgyS31-ujtXB5VmjBRV4AaABAg,j43HgwYFKfk,Quorum,NEG,0.8485836386680603,0.1225292086601257,0.0288871489465236
UgySlQlmZmrLAq5JsLx4AaABAg,PjmxCj-a9Hg,Gobierno de la República de Guatemala,NEG,0.6556767821311951,0.280200332403183,0.0641228482127189
UgySlQlmZmrLAq5JsLx4AaABAg.ALh5XYlqNufALhOuUP3UYB,PjmxCj-a9Hg,Gobierno de la República de Guatemala,NEG,0.9636765718460084,0.0279530379921197,0.0083703072741627
UgySttznhywvGXZyF-N4AaABAg,lj983NWyAQY,Municipalidad de Guatemala,POS,0.0054620848968625,0.034326896071434,0.9602110385894777
UgyVLVHQ4zNBKTTDxtp4AaABAg,n8iP75gIpmw,Quorum,NEG,0.9356069564819336,0.0595236234366893,0.0048693916760385
UgyWzgDknElvfn9oFJZ4AaABAg,j43HgwYFKfk,Quorum,NEG,0.7635283470153809,0.2053937911987304,0.0310778878629207
UgyX06qZFc3cNK6223J4AaABAg,n8iP75gIpmw,Quorum,NEG,0.9690243005752563,0.0265496186912059,0.0044260020367801
UgyXTA5oFwzI70TKCUd4AaABAg,is3Mk5oC19g,TN23 Guatemala,NEG,0.8698673248291016,0.1206933259963989,0.0094393491744995
UgyYPJkzW5rbOUI_vcd4AaABAg,TT4qJ5FXHYE,Quorum,POS,0.0081018516793847,0.0698047801852226,0.922093391418457
UgyYRHeJlfB9VF69LSp4AaABAg,lj983NWyAQY,Municipalidad de Guatemala,POS,0.002741607138887,0.0237616412341594,0.9734967947006226
UgyYaWYhDStGYWDGkb94AaABAg,j43HgwYFKfk,Quorum,NEU,0.4064672291278839,0.5647931694984436,0.0287395976483821
UgyYh5BUgByoCy2qNBR4AaABAg,yLZS3JiEBg8,Quorum,NEG,0.934336006641388,0.06151619926095,0.004147735890001
UgyZ2zEvW_CClk8k15F4AaABAg,j43HgwYFKfk,Quorum,POS,0.0159633420407772,0.0868518576025962,0.8971847891807556
Ugy_6i8lJAd2eVIRNjx4AaABAg,j43HgwYFKfk,Quorum,POS,0.011400680989027,0.0721491202712059,0.9164502024650574
Ugy__nsWCBggw9EzOUd4AaABAg,n8iP75gIpmw,Quorum,NEG,0.8966668248176575,0.0954550802707672,0.0078781293705105
Ugy__nsWCBggw9EzOUd4AaABAg.A7lbRpGUZoHA7nJxaD37u-,n8iP75gIpmw,Quorum,NEU,0.2423507124185562,0.4796285331249237,0.2780207395553589
Ugy_ejYOfCK6ERWL_dt4AaABAg,j43HgwYFKfk,Quorum,NEG,0.9492124319076538,0.0486319623887538,0.0021555733401328
Ugy_hCCLd8GwWbnIbsd4AaABAg,ndAZjHqzzT8,Quorum,NEU,0.095199130475521,0.4856440722942352,0.4191567897796631
Ugyav8Au2cT8yVfYgp54AaABAg,PjmxCj-a9Hg,Gobierno de la República de Guatemala,NEG,0.5536413788795471,0.4311957657337188,0.0151628404855728
Ugyb2uIeZGcNljNqap94AaABAg,j43HgwYFKfk,Quorum,NEG,0.9818130731582642,0.0135516487061977,0.0046353130601346
UgycKHbiLBi0WcSs8sh4AaABAg,n8iP75gIpmw,Quorum,NEG,0.9014133214950562,0.0868915989995002,0.0116950953379273
UgyciTatiqHr2BpFTqJ4AaABAg,j43HgwYFKfk,Quorum,NEU,0.0252440925687551,0.5814414024353027,0.3933145105838775
UgydkbyzemdvsBJrYxt4AaABAg,n8iP75gIpmw,Quorum,NEG,0.8079641461372375,0.1830461919307708,0.0089896218851208
UgyeTw07aydjDqK4crN4AaABAg,lj983NWyAQY,Municipalidad de Guatemala,POS,0.0072453152388334,0.1190082058310508,0.8737464547157288
Ugyeb8_nptWKXnFXH8F4AaABAg,n8iP75gIpmw,Quorum,NEG,0.8387603759765625,0.1496765315532684,0.0115630868822336
Ugyejets0FNr0Zh-VuZ4AaABAg,n8iP75gIpmw,Quorum,NEG,0.9859070777893066,0.011914774775505,0.002178132534027
UgyfMf4MkQsDKavjbLV4AaABAg,n8iP75gIpmw,Quorum,NEG,0.9383216500282288,0.0487717017531394,0.0129065439105033
UgyhYgz2ilvm1-T5IW94AaABAg,j43HgwYFKfk,Quorum,NEG,0.9817517399787904,0.0157345794141292,0.0025136545300483
UgyiGiWPuiTR2hkzmVd4AaABAg,n8iP75gIpmw,Quorum,NEG,0.901511251926422,0.0880730003118515,0.0104157300665974
UgyiegHTZAVz8J4Ogvt4AaABAg,j43HgwYFKfk,Quorum,POS,0.0059951120056211,0.0318900234997272,0.9621148109436036
UgyihMW-pXKI2cEDqWx4AaABAg,n8iP75gIpmw,Quorum,NEG,0.933878779411316,0.0555440224707126,0.0105771264061331
UgyisqlInC7oBNbU95Z4AaABAg,n8iP75gIpmw,Quorum,NEU,0.0569509156048297,0.7149750590324402,0.2280739992856979
Ugyk3PqfIuDEuXyeb494AaABAg,n8iP75gIpmw,Quorum,NEG,0.8753825426101685,0.1084675341844558,0.0161498673260211
UgykKTDDGdoiNQIuYJd4AaABAg,n8iP75gIpmw,Quorum,NEG,0.8528889417648315,0.1190615892410278,0.0280494578182697
UgymHCpILRINq5oT_7B4AaABAg,lj983NWyAQY,Municipalidad de Guatemala,POS,0.0470477752387523,0.3452825546264648,0.6076696515083313
UgymHZwhYtsW9EYkxdl4AaABAg,n8iP75gIpmw,Quorum,NEU,0.3904002010822296,0.5623553991317749,0.0472443960607051
Ugynh0Cq17X889qHS0J4AaABAg,n8iP75gIpmw,Quorum,NEG,0.8701311349868774,0.1106953397393226,0.0191735383123159
UgyoRKhs1yP8oKoD3uh4AaABAg,j43HgwYFKfk,Quorum,NEG,0.626069188117981,0.3158219456672668,0.0581087544560432
UgyoglGwyV2PhIAvHdt4AaABAg,j43HgwYFKfk,Quorum,NEU,0.1142575144767761,0.4531781077384949,0.4325643181800842
UgyqA5EpXnBPn_uH-KB4AaABAg,j43HgwYFKfk,Quorum,NEG,0.9263226985931396,0.0660356134176254,0.0076417215168476
Ugyr_-OfFbHlc9uWhg94AaABAg,OkXlHx0hx-8,Noticias Telemundo,NEG,0.8843995928764343,0.0982823148369789,0.0173181667923927
UgysnIFZt6-_f2iGbid4AaABAg,06mFNPU0aB8,Noti7,POS,0.0890205800533294,0.4117964506149292,0.4991829693317413
UgysqnYM0p-_jyWisMJ4AaABAg,lj983NWyAQY,Municipalidad de Guatemala,NEU,0.0898647233843803,0.7469236254692078,0.1632116883993148
UgysslM7dkNnQ1JT7Mh4AaABAg,j43HgwYFKfk,Quorum,POS,0.0092735579237341,0.0829008147120475,0.9078255891799928
UgyuZ00FMdgmao7sNMx4AaABAg,n8iP75gIpmw,Quorum,NEG,0.9742350578308104,0.021801371127367,0.0039635319262743
Ugyuk_4Gq9tbJjGZVRl4AaABAg,n8iP75gIpmw,Quorum,NEG,0.9722921252250672,0.0241029877215623,0.0036049196496605
UgyvMO5z1LjtvyRIIxd4AaABAg,is3Mk5oC19g,TN23 Guatemala,NEG,0.5704160928726196,0.4039144814014435,0.0256694685667753
UgyvSxtnuw9xRiNU5tl4AaABAg,j43HgwYFKfk,Quorum,NEG,0.9324464201927184,0.0401592552661895,0.027394350618124
UgyxvyPVCur3jgc_1mx4AaABAg,b_Hkrkl3adA,PrensaLibreOficial,NEG,0.9741942882537842,0.0198625717312097,0.0059431530535221
UgyypM6Ts6Ut_EuFcdN4AaABAg,n8iP75gIpmw,Quorum,NEG,0.9705045819282532,0.0224742852151393,0.0070211151614785
Ugyyx5lXrgFXsraCIMh4AaABAg,n8iP75gIpmw,Quorum,NEG,0.67546147108078,0.3127697110176086,0.0117688085883855
UgyzKNq94Z4Y2GSth514AaABAg,yLZS3JiEBg8,Quorum,NEU,0.0767425373196601,0.6075899600982666,0.3156675100326538
Ugyzgy-Lqlq6CTb4GPB4AaABAg,n8iP75gIpmw,Quorum,NEG,0.9356860518455504,0.0563925206661224,0.0079214433208107
UgyzzIxBoO0_7kX1EWJ4AaABAg,WIUZtitfLRw,Quorum,NEG,0.982669711112976,0.0144843254238367,0.0028459921013563
Ugz-XNtfLx0lzcoHUXN4AaABAg,b_Hkrkl3adA,PrensaLibreOficial,NEG,0.960017204284668,0.0291876085102558,0.010795209556818
Ugz158DoUO_zyZlglG14AaABAg,06mFNPU0aB8,Noti7,NEU,0.3435361981391907,0.5069615840911865,0.1495022177696228
Ugz1TFgP101cP3SQAW94AaABAg,n8iP75gIpmw,Quorum,NEG,0.9564725756645204,0.0381790064275264,0.0053483485244214
Ugz1VUKAy1iuwk_x2jN4AaABAg,yLZS3JiEBg8,Quorum,NEU,0.0758508816361427,0.8709692358970642,0.0531799159944057
Ugz1kbHjtN-jQUk3sWd4AaABAg,n8iP75gIpmw,Quorum,NEG,0.9665883183479308,0.0304285567253828,0.0029832173604518
Ugz200h27x5RIAnswQd4AaABAg,n8iP75gIpmw,Quorum,NEG,0.9390532970428468,0.0559853315353393,0.0049614054150879
Ugz26waEPWK6VtsenFZ4AaABAg,PjmxCj-a9Hg,Gobierno de la República de Guatemala,POS,0.0675609186291694,0.3993941843509674,0.5330449342727661
Ugz26waEPWK6VtsenFZ4AaABAg.ALglV0O_2mtALgq1_mUSB_,PjmxCj-a9Hg,Gobierno de la República de Guatemala,NEU,0.2125194221735,0.7503017783164978,0.0371787771582603
Ugz2Y0LOPaJfoV8R01d4AaABAg,n8iP75gIpmw,Quorum,NEU,0.1846514493227005,0.6434850692749023,0.17186339199543
Ugz5OziU6YjREVjZJUZ4AaABAg,PjmxCj-a9Hg,Gobierno de la República de Guatemala,NEG,0.9652059674263,0.0279143266379833,0.0068796924315392
Ugz6naDsqtHsbONkRBl4AaABAg,b_Hkrkl3adA,PrensaLibreOficial,NEG,0.7750394940376282,0.202821284532547,0.0221392698585987
Ugz76M4X7jXyiAqAC_d4AaABAg,n8iP75gIpmw,Quorum,NEU,0.0463956221938133,0.8850530385971069,0.0685513317584991
Ugz76M4X7jXyiAqAC_d4AaABAg.A7j4tx1RMDbA7oQQlZnZR4,n8iP75gIpmw,Quorum,NEG,0.5918240547180176,0.3725627064704895,0.0356132201850414
Ugz7WPxTOQEwmZpnx_V4AaABAg,n8iP75gIpmw,Quorum,NEG,0.805343508720398,0.1806632727384567,0.0139932166785001
Ugz8BbgcucTeHAjfvqJ4AaABAg,n8iP75gIpmw,Quorum,POS,0.0050700488500297,0.0785193294286727,0.9164105653762816
Ugz8fJcHTKHoEWJPwWt4AaABAg,j43HgwYFKfk,Quorum,NEU,0.2209656089544296,0.7303741574287415,0.0486602149903774
Ugz8hBV9j2KQGtMhPUR4AaABAg,is3Mk5oC19g,TN23 Guatemala,NEG,0.8151355385780334,0.1439974308013916,0.0408670417964458
Ugz8pKFUmjVv-zF8lvJ4AaABAg,n8iP75gIpmw,Quorum,NEG,0.9485925436019896,0.0439739972352981,0.0074333921074867
UgzBnKyfiTTp9djPTh54AaABAg,OkXlHx0hx-8,Noticias Telemundo,POS,0.0102876415476202,0.2186492532491684,0.7710630893707275
UgzBpiHQkRpqfeyCDwd4AaABAg,n8iP75gIpmw,Quorum,NEG,0.9797906279563904,0.0160214882344007,0.004187817685306
UgzDFSLs4n_6XtQjgjZ4AaABAg,lj983NWyAQY,Municipalidad de Guatemala,POS,0.0219011437147855,0.1630305051803589,0.8150683045387268
UgzDK8qo7Il1yafNllJ4AaABAg,PjmxCj-a9Hg,Gobierno de la República de Guatemala,POS,0.0216061137616634,0.2457943856716156,0.7325994372367859
UgzESrzC3abcN60poBF4AaABAg,lj983NWyAQY,Municipalidad de Guatemala,POS,0.0053196200169622,0.1383951902389526,0.8562851548194885
UgzFOdujc0-cy9W1Uv14AaABAg,n8iP75gIpmw,Quorum,NEG,0.8943498134613037,0.0923312753438949,0.0133188925683498
UgzGYzecKVZyDzajKPV4AaABAg,n8iP75gIpmw,Quorum,NEG,0.7855480313301086,0.2007089108228683,0.0137431090697646
UgzH_SOr2gGO_dDna5J4AaABAg,n8iP75gIpmw,Quorum,NEG,0.9397652745246888,0.0403385497629642,0.0198962297290563
UgzJ85lM1ogkB4KOk2d4AaABAg,PjmxCj-a9Hg,Gobierno de la República de Guatemala,NEG,0.9791271090507508,0.0162233132869005,0.0046496093273162
UgzKcy6Zr6Ele2EAo6J4AaABAg,lj983NWyAQY,Municipalidad de Guatemala,POS,0.0055860849097371,0.0879967436194419,0.9064171314239502
UgzL_lyzP1gwPdnVQ3Z4AaABAg,yLZS3JiEBg8,Quorum,POS,0.006141846999526,0.0435187332332134,0.9503394365310668
UgzMXsCXt9Lh-tk3fZd4AaABAg,6W4u8sGEnGM,Gobierno de la República de Guatemala,POS,0.2558473944664001,0.2710809409618377,0.4730716645717621
UgzMXsCXt9Lh-tk3fZd4AaABAg.A_zGMKwFBhPA_zWhjiGKb7,6W4u8sGEnGM,Gobierno de la República de Guatemala,POS,0.0186855271458625,0.159302607178688,0.8220118880271912
UgzM_dw7xZDkJJ8eYQ94AaABAg,n8iP75gIpmw,Quorum,NEG,0.6588799357414246,0.3090790510177612,0.0320409163832664
UgzMppllQcjsXkBLgiZ4AaABAg,n8iP75gIpmw,Quorum,NEG,0.8680897951126099,0.1212025210261344,0.01070764567703
UgzOB-KAGGElQGAPxEZ4AaABAg,n8iP75gIpmw,Quorum,NEG,0.9705830812454224,0.0259603299200534,0.0034566665999591
UgzOGr7KGQ9pa-CJdgN4AaABAg,n8iP75gIpmw,Quorum,NEG,0.9248942732810974,0.0689811259508133,0.0061245653778314
UgzOYjc2Ii04ZArW7vF4AaABAg,n8iP75gIpmw,Quorum,NEG,0.7932334542274475,0.1919132471084594,0.0148532968014478
UgzOeIbOqa0dhaWyj_B4AaABAg,s0eco-BofOs,Quorum,POS,0.034289751201868,0.2135649472475052,0.7521452903747559
UgzPExq20lnf7-8d7_p4AaABAg,lj983NWyAQY,Municipalidad de Guatemala,POS,0.0872981324791908,0.2081688642501831,0.7045329809188843
UgzQTWwjC_XVPUNxuXp4AaABAg,OkXlHx0hx-8,Noticias Telemundo,NEG,0.9549195170402528,0.0386468730866909,0.0064336629584431
UgzRlz8OqalaHh8EnUl4AaABAg,OkXlHx0hx-8,Noticias Telemundo,NEU,0.2682356536388397,0.494384765625,0.2373795807361602
UgzRlz8OqalaHh8EnUl4AaABAg.Aa9hqaKl_ywAaB_OUjpKKh,OkXlHx0hx-8,Noticias Telemundo,NEG,0.6987630128860474,0.2248415648937225,0.0763953849673271
UgzRyWsi9Ed1wsXKgwd4AaABAg,yLZS3JiEBg8,Quorum,POS,0.007759066298604,0.0470598191022872,0.945181131362915
UgzSjpcAY2zvJ6i-poh4AaABAg,is3Mk5oC19g,TN23 Guatemala,NEG,0.7439435124397278,0.2253581881523132,0.0306983236223459
UgzSu6dFpC7PrEYl7AF4AaABAg,n8iP75gIpmw,Quorum,NEG,0.9328250288963318,0.0608516782522201,0.006323404610157
UgzT_1dx4pvgJTFMsnZ4AaABAg,6W4u8sGEnGM,Gobierno de la República de Guatemala,NEU,0.2306132167577743,0.6183149814605713,0.1510718166828155
UgzTqBd3og9IPuVu3o94AaABAg,n8iP75gIpmw,Quorum,NEG,0.9419182538986206,0.0502106212079525,0.0078710718080401
UgzU2eLo006-Cz6rYLZ4AaABAg,ndAZjHqzzT8,Quorum,NEG,0.8759531378746033,0.1204179897904396,0.0036288308911025
UgzVRaRar_M-cPPi92x4AaABAg,is3Mk5oC19g,TN23 Guatemala,NEG,0.5962641835212708,0.3593136966228485,0.0444221831858158
UgzVSZ19e2Cc28bFi-94AaABAg,n8iP75gIpmw,Quorum,NEG,0.8573841452598572,0.0875323191285133,0.0550835132598876
UgzVsPOuFAogocL8wKB4AaABAg,6W4u8sGEnGM,Gobierno de la República de Guatemala,POS,0.0056239124387502,0.1176318377256393,0.8767442107200623
UgzWNBqTQMz8ba4pbUd4AaABAg,j43HgwYFKfk,Quorum,NEG,0.8749882578849792,0.1186888888478279,0.0063228895887732
UgzWNJK42U_F1IKlwwh4AaABAg,n8iP75gIpmw,Quorum,NEG,0.9662943482398988,0.0251035057008266,0.0086021395400166
UgzWs20muY6Ghm9Z7094AaABAg,JkpVO1hx2f8,Quorum,POS,0.0466446094214916,0.1916355788707733,0.761719822883606
UgzXDN6uNEworKy3uqZ4AaABAg,n8iP75gIpmw,Quorum,NEU,0.0230876374989748,0.6439628005027771,0.332949548959732
UgzYz6n8mPI0dBWsP2h4AaABAg,j43HgwYFKfk,Quorum,NEG,0.5209766030311584,0.4340334832668304,0.0449899435043334
UgzZMPOIKJlwEpgh7zd4AaABAg,b_Hkrkl3adA,PrensaLibreOficial,NEG,0.7827906012535095,0.2070625722408294,0.010146808810532
UgzZMPOIKJlwEpgh7zd4AaABAg.AaB6SZj2UadAaBRkGrUAJI,b_Hkrkl3adA,PrensaLibreOficial,NEU,0.1877751350402832,0.7816064357757568,0.0306184310466051
UgzZMPOIKJlwEpgh7zd4AaABAg.AaB6SZj2UadAaCH5adXxCo,b_Hkrkl3adA,PrensaLibreOficial,NEG,0.8569008111953735,0.1055332645773887,0.0375659763813018
UgzZc-W-gVj1t4SXc-54AaABAg,lj983NWyAQY,Municipalidad de Guatemala,POS,0.0276077352464199,0.3168787658214569,0.6555134654045105
UgzaTUgOy4ekC0xQoFt4AaABAg,n8iP75gIpmw,Quorum,NEU,0.3261435627937317,0.6006971597671509,0.0731592029333114
UgzaWev1Ju6338Y7Ehl4AaABAg,ndAZjHqzzT8,Quorum,POS,0.0062663536518812,0.1709441393613815,0.8227894902229309
UgzaWev1Ju6338Y7Ehl4AaABAg.A3Wof66r37mA3WrEtkJyep,ndAZjHqzzT8,Quorum,NEU,0.3522543609142303,0.528963565826416,0.1187820360064506
Ugzb66mq9Rv0T7aalfJ4AaABAg,n8iP75gIpmw,Quorum,NEG,0.6570690274238586,0.2680172324180603,0.074913702905178
UgzcJTEHjaN8bEV8Hfd4AaABAg,n8iP75gIpmw,Quorum,NEG,0.9800772070884703,0.0156633518636226,0.0042594722472131
UgzcVyiuFGJ0Yv0C4Zt4AaABAg,n8iP75gIpmw,Quorum,NEG,0.6038219928741455,0.3526934385299682,0.0434845313429832
Ugzd2CVlJWOmHWBPSkN4AaABAg,n8iP75gIpmw,Quorum,NEG,0.9763292074203492,0.016544472426176,0.0071262829005718
UgzeCbhVJhOJATewi5J4AaABAg,n8iP75gIpmw,Quorum,NEU,0.4305974841117859,0.4702310562133789,0.0991714149713516
UgzfLTatI6lJD6Z_u_94AaABAg,6W4u8sGEnGM,Gobierno de la República de Guatemala,POS,0.0050194817595183,0.0703148990869522,0.924665629863739
UgzfXuFsM8L3Qt6qWJV4AaABAg,WIUZtitfLRw,Quorum,NEG,0.9561845660209656,0.0372244901955127,0.0065910099074244
Ugzfc9D5wlSKYgY5Jrh4AaABAg,OkXlHx0hx-8,Noticias Telemundo,NEG,0.7651814818382263,0.2174754440784454,0.0173430703580379
Ugzfc9D5wlSKYgY5Jrh4AaABAg.Aa9bbFyRF_AAaB_C3DtL_L,OkXlHx0hx-8,Noticias Telemundo,NEG,0.8806573152542114,0.0998124405741691,0.0195302106440067
Ugzhc5zg6rDOR3ltTAZ4AaABAg,j43HgwYFKfk,Quorum,POS,0.0301258340477943,0.2464641481637954,0.7234100699424744
UgzhjFXjeUslGQMZ7KB4AaABAg,6W4u8sGEnGM,Gobierno de la República de Guatemala,NEG,0.7939882278442383,0.1738285273313522,0.0321832932531833
UgzhtSisQXcyX7bqkzB4AaABAg,n8iP75gIpmw,Quorum,NEG,0.9514305591583252,0.0364828631281852,0.0120866727083921
Ugzi82q6lRyjtKUL5lV4AaABAg,n8iP75gIpmw,Quorum,NEG,0.8982052206993103,0.0779563412070274,0.0238384343683719
Ugzin8yr1Zz1k47GsSp4AaABAg,n8iP75gIpmw,Quorum,NEG,0.4353407621383667,0.4201215803623199,0.1445376873016357
UgzjFGboqNxQ7BcH0bZ4AaABAg,lj983NWyAQY,Municipalidad de Guatemala,POS,0.0068638212978839,0.0708449929952621,0.9222911596298218
UgzjqVqTKYeOrM1kW0F4AaABAg,lj983NWyAQY,Municipalidad de Guatemala,NEU,0.2007529139518737,0.5706137418746948,0.2286333292722702
Ugzk5XnOVKoVj8FiOCB4AaABAg,OkXlHx0hx-8,Noticias Telemundo,NEG,0.6866446733474731,0.2941723465919494,0.0191829558461904
UgzlqevYeQWpdUl_KON4AaABAg,n8iP75gIpmw,Quorum,NEG,0.9535322189331056,0.0402575470507144,0.0062102102674543
Ugzm7wFhhdctNQt_ubl4AaABAg,06mFNPU0aB8,Noti7,POS,0.0684880837798118,0.379763662815094,0.5517483353614807
UgzmBKXDgncBFsDjRwd4AaABAg,n8iP75gIpmw,Quorum,NEG,0.66717928647995,0.2940437495708465,0.0387769415974617
UgzmBVMoFVO53-_ZZ-54AaABAg,PjmxCj-a9Hg,Gobierno de la República de Guatemala,POS,0.0239826384931802,0.0883752182126045,0.8876421451568604
UgzpHaLJJjoD9FnKO6p4AaABAg,6W4u8sGEnGM,Gobierno de la República de Guatemala,POS,0.01274967007339,0.0958674177527427,0.8913828730583191
UgzpdnDQDBV6UZ96GZh4AaABAg,PjmxCj-a9Hg,Gobierno de la República de Guatemala,NEG,0.9006650447845459,0.0778703838586807,0.0214645471423864
UgzpzyaFY6F6IdFxzk14AaABAg,n8iP75gIpmw,Quorum,NEG,0.6496427655220032,0.3369038701057434,0.0134533252567052
UgzrrbkpudLqNqr7s6R4AaABAg,n8iP75gIpmw,Quorum,NEG,0.7819759845733643,0.2059235274791717,0.0121005065739154
Ugzs8eXa8mdQ8wlS4FZ4AaABAg,lj983NWyAQY,Municipalidad de Guatemala,POS,0.0024124211631715,0.0195696651935577,0.9780178666114808
UgztKpwRx20oET8wGLJ4AaABAg,PjmxCj-a9Hg,Gobierno de la República de Guatemala,NEG,0.7728756666183472,0.1762458384037017,0.0508784689009189
UgzuugQO6qMSbkVsdGp4AaABAg,PjmxCj-a9Hg,Gobierno de la República de Guatemala,NEU,0.0554263517260551,0.8852434158325195,0.0593302138149738
UgzvKLXKEkVzjn_XRHp4AaABAg,n8iP75gIpmw,Quorum,NEG,0.9698033332824708,0.0256577301770448,0.0045389332808554
UgzwvEpQc3M_AWvNDad4AaABAg,lj983NWyAQY,Municipalidad de Guatemala,POS,0.0051336344331502,0.025574205443263,0.969292163848877
Ugzx7TTfRu5S-pT0LuZ4AaABAg,n8iP75gIpmw,Quorum,NEG,0.648434042930603,0.3222980499267578,0.0292679350823164
UgzxhrnRAMNePfy6u7J4AaABAg,PjmxCj-a9Hg,Gobierno de la República de Guatemala,NEU,0.3289961516857147,0.3548085987567901,0.3161952197551727
UgzzpE27HS1dmWfyATJ4AaABAg,n8iP75gIpmw,Quorum,POS,0.0495457202196121,0.3270370960235595,0.6234171986579895
